[{"model": "admin.logentry", "pk": 1, "fields": {"action_time": "2022-10-26T17:17:51.437Z", "user": "770c2823-a7a1-4168-9193-fe82a2edd6e2", "content_type": 8, "object_id": "00f2c00e-9ffe-4a56-a035-83cbb7853065", "object_repr": "Actor object (00f2c00e-9ffe-4a56-a035-83cbb7853065)", "action_flag": 1, "change_message": "[{\"added\": {}}]"}}, {"model": "admin.logentry", "pk": 2, "fields": {"action_time": "2022-10-26T17:18:04.785Z", "user": "770c2823-a7a1-4168-9193-fe82a2edd6e2", "content_type": 8, "object_id": "5ad1bb8d-76c1-403a-b961-f484bd492ef1", "object_repr": "Actor object (5ad1bb8d-76c1-403a-b961-f484bd492ef1)", "action_flag": 1, "change_message": "[{\"added\": {}}]"}}, {"model": "admin.logentry", "pk": 3, "fields": {"action_time": "2022-10-26T17:18:20.453Z", "user": "770c2823-a7a1-4168-9193-fe82a2edd6e2", "content_type": 8, "object_id": "f78b6783-cae6-40c5-8c86-136a21942f76", "object_repr": "Actor object (f78b6783-cae6-40c5-8c86-136a21942f76)", "action_flag": 1, "change_message": "[{\"added\": {}}]"}}, {"model": "admin.logentry", "pk": 4, "fields": {"action_time": "2022-10-26T17:19:10.836Z", "user": "770c2823-a7a1-4168-9193-fe82a2edd6e2", "content_type": 8, "object_id": "080f11b1-8f8c-4a96-b3a0-5dbc59b0ae3d", "object_repr": "Actor object (080f11b1-8f8c-4a96-b3a0-5dbc59b0ae3d)", "action_flag": 1, "change_message": "[{\"added\": {}}]"}}, {"model": "admin.logentry", "pk": 5, "fields": {"action_time": "2022-10-26T17:19:28.659Z", "user": "770c2823-a7a1-4168-9193-fe82a2edd6e2", "content_type": 8, "object_id": "a0aa6632-0291-45af-9233-3fab5e67c980", "object_repr": "Actor object (a0aa6632-0291-45af-9233-3fab5e67c980)", "action_flag": 1, "change_message": "[{\"added\": {}}]"}}, {"model": "admin.logentry", "pk": 6, "fields": {"action_time": "2022-10-26T17:19:46.488Z", "user": "770c2823-a7a1-4168-9193-fe82a2edd6e2", "content_type": 8, "object_id": "0dc752f2-18a9-455c-bf57-3bdd3a1c0c52", "object_repr": "Actor object (0dc752f2-18a9-455c-bf57-3bdd3a1c0c52)", "action_flag": 1, "change_message": "[{\"added\": {}}]"}}, {"model": "admin.logentry", "pk": 7, "fields": {"action_time": "2022-10-26T17:20:41.288Z", "user": "770c2823-a7a1-4168-9193-fe82a2edd6e2", "content_type": 8, "object_id": "f713c95a-15ef-4022-be2d-5bb4dc60f231", "object_repr": "Actor object (f713c95a-15ef-4022-be2d-5bb4dc60f231)", "action_flag": 1, "change_message": "[{\"added\": {}}]"}}, {"model": "admin.logentry", "pk": 8, "fields": {"action_time": "2022-10-26T17:21:04.197Z", "user": "770c2823-a7a1-4168-9193-fe82a2edd6e2", "content_type": 8, "object_id": "7f253de4-edaf-484d-bfa5-ee9a06bfe860", "object_repr": "Actor object (7f253de4-edaf-484d-bfa5-ee9a06bfe860)", "action_flag": 1, "change_message": "[{\"added\": {}}]"}}, {"model": "admin.logentry", "pk": 9, "fields": {"action_time": "2022-10-26T17:21:21.708Z", "user": "770c2823-a7a1-4168-9193-fe82a2edd6e2", "content_type": 8, "object_id": "f1b67af6-c570-4821-b460-521586938947", "object_repr": "Actor object (f1b67af6-c570-4821-b460-521586938947)", "action_flag": 1, "change_message": "[{\"added\": {}}]"}}, {"model": "admin.logentry", "pk": 10, "fields": {"action_time": "2022-10-26T17:21:37.680Z", "user": "770c2823-a7a1-4168-9193-fe82a2edd6e2", "content_type": 8, "object_id": "835570aa-159f-41d9-8805-4c59c9b0528e", "object_repr": "Actor object (835570aa-159f-41d9-8805-4c59c9b0528e)", "action_flag": 1, "change_message": "[{\"added\": {}}]"}}, {"model": "admin.logentry", "pk": 11, "fields": {"action_time": "2022-10-26T17:21:53.346Z", "user": "770c2823-a7a1-4168-9193-fe82a2edd6e2", "content_type": 8, "object_id": "56c5b07e-5e80-4231-af18-85f581d8b317", "object_repr": "Actor object (56c5b07e-5e80-4231-af18-85f581d8b317)", "action_flag": 1, "change_message": "[{\"added\": {}}]"}}, {"model": "admin.logentry", "pk": 12, "fields": {"action_time": "2022-10-26T17:22:16.695Z", "user": "770c2823-a7a1-4168-9193-fe82a2edd6e2", "content_type": 8, "object_id": "c9c3ece6-7a57-4eef-b9bf-6643d11ca909", "object_repr": "Actor object (c9c3ece6-7a57-4eef-b9bf-6643d11ca909)", "action_flag": 1, "change_message": "[{\"added\": {}}]"}}, {"model": "admin.logentry", "pk": 13, "fields": {"action_time": "2022-10-26T17:23:03.082Z", "user": "770c2823-a7a1-4168-9193-fe82a2edd6e2", "content_type": 8, "object_id": "c2c558e0-d3d0-490c-bcb8-0d8920d762b6", "object_repr": "Actor object (c2c558e0-d3d0-490c-bcb8-0d8920d762b6)", "action_flag": 1, "change_message": "[{\"added\": {}}]"}}, {"model": "admin.logentry", "pk": 14, "fields": {"action_time": "2022-10-26T17:23:22.128Z", "user": "770c2823-a7a1-4168-9193-fe82a2edd6e2", "content_type": 8, "object_id": "c49f16ce-80b0-462e-a38f-17b39e34aac5", "object_repr": "Actor object (c49f16ce-80b0-462e-a38f-17b39e34aac5)", "action_flag": 1, "change_message": "[{\"added\": {}}]"}}, {"model": "admin.logentry", "pk": 15, "fields": {"action_time": "2022-10-26T17:23:54.690Z", "user": "770c2823-a7a1-4168-9193-fe82a2edd6e2", "content_type": 8, "object_id": "f25e3955-7d54-4ac8-b8f9-caccf967f844", "object_repr": "Actor object (f25e3955-7d54-4ac8-b8f9-caccf967f844)", "action_flag": 1, "change_message": "[{\"added\": {}}]"}}, {"model": "admin.logentry", "pk": 16, "fields": {"action_time": "2022-10-26T17:24:09.706Z", "user": "770c2823-a7a1-4168-9193-fe82a2edd6e2", "content_type": 8, "object_id": "1b92a99b-0eab-405b-8e76-eedd2a213f02", "object_repr": "Actor object (1b92a99b-0eab-405b-8e76-eedd2a213f02)", "action_flag": 1, "change_message": "[{\"added\": {}}]"}}, {"model": "admin.logentry", "pk": 17, "fields": {"action_time": "2022-10-26T17:24:22.967Z", "user": "770c2823-a7a1-4168-9193-fe82a2edd6e2", "content_type": 8, "object_id": "69f6488a-1625-49d8-a4ee-254c217de8a3", "object_repr": "Actor object (69f6488a-1625-49d8-a4ee-254c217de8a3)", "action_flag": 1, "change_message": "[{\"added\": {}}]"}}, {"model": "admin.logentry", "pk": 18, "fields": {"action_time": "2022-10-26T17:24:34.296Z", "user": "770c2823-a7a1-4168-9193-fe82a2edd6e2", "content_type": 8, "object_id": "2f44e9d7-a79d-4e5f-9178-69fbc429b85a", "object_repr": "Actor object (2f44e9d7-a79d-4e5f-9178-69fbc429b85a)", "action_flag": 1, "change_message": "[{\"added\": {}}]"}}, {"model": "admin.logentry", "pk": 19, "fields": {"action_time": "2022-10-26T17:24:49.068Z", "user": "770c2823-a7a1-4168-9193-fe82a2edd6e2", "content_type": 8, "object_id": "67b78686-eb60-42f9-a126-9591f3bef1cd", "object_repr": "Actor object (67b78686-eb60-42f9-a126-9591f3bef1cd)", "action_flag": 1, "change_message": "[{\"added\": {}}]"}}, {"model": "admin.logentry", "pk": 20, "fields": {"action_time": "2022-10-26T17:25:02.736Z", "user": "770c2823-a7a1-4168-9193-fe82a2edd6e2", "content_type": 8, "object_id": "29f32b64-f532-4192-a6c8-82281f655105", "object_repr": "Actor object (29f32b64-f532-4192-a6c8-82281f655105)", "action_flag": 1, "change_message": "[{\"added\": {}}]"}}, {"model": "admin.logentry", "pk": 21, "fields": {"action_time": "2022-10-26T17:25:36.314Z", "user": "770c2823-a7a1-4168-9193-fe82a2edd6e2", "content_type": 8, "object_id": "4acbbe8d-5d9f-4206-ac26-8b7e8d1346f3", "object_repr": "Actor object (4acbbe8d-5d9f-4206-ac26-8b7e8d1346f3)", "action_flag": 1, "change_message": "[{\"added\": {}}]"}}, {"model": "admin.logentry", "pk": 22, "fields": {"action_time": "2022-10-26T17:26:44.810Z", "user": "770c2823-a7a1-4168-9193-fe82a2edd6e2", "content_type": 8, "object_id": "13ce434e-7e31-4ef6-8a85-511d2dd7c532", "object_repr": "Actor object (13ce434e-7e31-4ef6-8a85-511d2dd7c532)", "action_flag": 1, "change_message": "[{\"added\": {}}]"}}, {"model": "admin.logentry", "pk": 23, "fields": {"action_time": "2022-10-26T17:26:59.323Z", "user": "770c2823-a7a1-4168-9193-fe82a2edd6e2", "content_type": 8, "object_id": "5018ec02-0856-47a0-8661-000ef4837b13", "object_repr": "Actor object (5018ec02-0856-47a0-8661-000ef4837b13)", "action_flag": 1, "change_message": "[{\"added\": {}}]"}}, {"model": "admin.logentry", "pk": 24, "fields": {"action_time": "2022-10-26T17:27:11.912Z", "user": "770c2823-a7a1-4168-9193-fe82a2edd6e2", "content_type": 8, "object_id": "9d787e67-cca0-44e0-93a1-2d11e69c14e3", "object_repr": "Actor object (9d787e67-cca0-44e0-93a1-2d11e69c14e3)", "action_flag": 1, "change_message": "[{\"added\": {}}]"}}, {"model": "admin.logentry", "pk": 25, "fields": {"action_time": "2022-10-26T17:27:25.747Z", "user": "770c2823-a7a1-4168-9193-fe82a2edd6e2", "content_type": 8, "object_id": "f63a1927-917a-49a7-87eb-508d9d4fcb39", "object_repr": "Actor object (f63a1927-917a-49a7-87eb-508d9d4fcb39)", "action_flag": 1, "change_message": "[{\"added\": {}}]"}}, {"model": "admin.logentry", "pk": 26, "fields": {"action_time": "2022-10-26T17:28:14.488Z", "user": "770c2823-a7a1-4168-9193-fe82a2edd6e2", "content_type": 8, "object_id": "c950e194-879c-422a-9047-c4ec112b76d8", "object_repr": "Actor object (c950e194-879c-422a-9047-c4ec112b76d8)", "action_flag": 1, "change_message": "[{\"added\": {}}]"}}, {"model": "admin.logentry", "pk": 27, "fields": {"action_time": "2022-10-26T17:28:27.199Z", "user": "770c2823-a7a1-4168-9193-fe82a2edd6e2", "content_type": 8, "object_id": "6f420335-d491-42e0-aaf1-abd6d935c6ca", "object_repr": "Actor object (6f420335-d491-42e0-aaf1-abd6d935c6ca)", "action_flag": 1, "change_message": "[{\"added\": {}}]"}}, {"model": "admin.logentry", "pk": 28, "fields": {"action_time": "2022-10-26T17:28:52.995Z", "user": "770c2823-a7a1-4168-9193-fe82a2edd6e2", "content_type": 8, "object_id": "a5ddf427-0ccd-4618-b00e-e061c5a55502", "object_repr": "Actor object (a5ddf427-0ccd-4618-b00e-e061c5a55502)", "action_flag": 1, "change_message": "[{\"added\": {}}]"}}, {"model": "admin.logentry", "pk": 29, "fields": {"action_time": "2022-10-26T17:30:51.550Z", "user": "770c2823-a7a1-4168-9193-fe82a2edd6e2", "content_type": 9, "object_id": "9300ad4d-4e32-4763-bf90-477633dc899f", "object_repr": "Adventure", "action_flag": 1, "change_message": "[{\"added\": {}}]"}}, {"model": "admin.logentry", "pk": 30, "fields": {"action_time": "2022-10-26T17:30:56.919Z", "user": "770c2823-a7a1-4168-9193-fe82a2edd6e2", "content_type": 9, "object_id": "b83c1ab2-5588-485b-81fb-31f1a2212e6d", "object_repr": "Horror", "action_flag": 1, "change_message": "[{\"added\": {}}]"}}, {"model": "admin.logentry", "pk": 31, "fields": {"action_time": "2022-10-26T17:31:00.016Z", "user": "770c2823-a7a1-4168-9193-fe82a2edd6e2", "content_type": 9, "object_id": "6b8478a4-3a54-4c5d-8894-2d22669b5811", "object_repr": "Historical", "action_flag": 1, "change_message": "[{\"added\": {}}]"}}, {"model": "admin.logentry", "pk": 32, "fields": {"action_time": "2022-10-26T17:31:03.519Z", "user": "770c2823-a7a1-4168-9193-fe82a2edd6e2", "content_type": 9, "object_id": "fdf2ab3b-471c-4d12-956f-07a1be17d40d", "object_repr": "Drama", "action_flag": 1, "change_message": "[{\"added\": {}}]"}}, {"model": "admin.logentry", "pk": 33, "fields": {"action_time": "2022-10-26T17:31:06.454Z", "user": "770c2823-a7a1-4168-9193-fe82a2edd6e2", "content_type": 9, "object_id": "6bcfa56c-9aa6-45b8-a792-912607b18b81", "object_repr": "Science fiction", "action_flag": 1, "change_message": "[{\"added\": {}}]"}}, {"model": "admin.logentry", "pk": 34, "fields": {"action_time": "2022-10-26T17:31:11.383Z", "user": "770c2823-a7a1-4168-9193-fe82a2edd6e2", "content_type": 9, "object_id": "4992885a-bfdf-4690-a78f-09deb27a5d78", "object_repr": "Comedy", "action_flag": 1, "change_message": "[{\"added\": {}}]"}}, {"model": "admin.logentry", "pk": 35, "fields": {"action_time": "2022-10-26T17:31:14.487Z", "user": "770c2823-a7a1-4168-9193-fe82a2edd6e2", "content_type": 9, "object_id": "036cead1-e07a-48f5-a113-937eda404dad", "object_repr": "Crime", "action_flag": 1, "change_message": "[{\"added\": {}}]"}}, {"model": "admin.logentry", "pk": 36, "fields": {"action_time": "2022-10-26T17:31:17.951Z", "user": "770c2823-a7a1-4168-9193-fe82a2edd6e2", "content_type": 9, "object_id": "2e178017-4a50-4f33-9fbe-279e9a820d31", "object_repr": "Animation", "action_flag": 1, "change_message": "[{\"added\": {}}]"}}, {"model": "admin.logentry", "pk": 37, "fields": {"action_time": "2022-10-26T17:31:52.989Z", "user": "770c2823-a7a1-4168-9193-fe82a2edd6e2", "content_type": 9, "object_id": "14193641-08ca-4d85-a27f-805e43f285dc", "object_repr": "Biography", "action_flag": 1, "change_message": "[{\"added\": {}}]"}}, {"model": "admin.logentry", "pk": 38, "fields": {"action_time": "2022-10-26T17:31:57.831Z", "user": "770c2823-a7a1-4168-9193-fe82a2edd6e2", "content_type": 9, "object_id": "d3f87752-a557-425d-bd26-08fd44022e71", "object_repr": "Thriller", "action_flag": 1, "change_message": "[{\"added\": {}}]"}}, {"model": "admin.logentry", "pk": 39, "fields": {"action_time": "2022-10-26T17:32:22.196Z", "user": "770c2823-a7a1-4168-9193-fe82a2edd6e2", "content_type": 9, "object_id": "8b509030-89d4-4c6b-82fd-20eb8ffcd02f", "object_repr": "Mystery", "action_flag": 1, "change_message": "[{\"added\": {}}]"}}, {"model": "admin.logentry", "pk": 40, "fields": {"action_time": "2022-10-26T17:32:31.052Z", "user": "770c2823-a7a1-4168-9193-fe82a2edd6e2", "content_type": 9, "object_id": "46a4c6c9-9ac5-4108-ade7-a6747959d268", "object_repr": "Musical", "action_flag": 1, "change_message": "[{\"added\": {}}]"}}, {"model": "admin.logentry", "pk": 41, "fields": {"action_time": "2022-10-26T17:32:44.622Z", "user": "770c2823-a7a1-4168-9193-fe82a2edd6e2", "content_type": 9, "object_id": "51cbcceb-5923-4f78-9d98-5316721339dc", "object_repr": "Action", "action_flag": 1, "change_message": "[{\"added\": {}}]"}}, {"model": "admin.logentry", "pk": 42, "fields": {"action_time": "2022-10-26T17:33:23.881Z", "user": "770c2823-a7a1-4168-9193-fe82a2edd6e2", "content_type": 9, "object_id": "152c9eca-66b9-4861-9e87-ca913d17408c", "object_repr": "Fantasy", "action_flag": 1, "change_message": "[{\"added\": {}}]"}}, {"model": "admin.logentry", "pk": 43, "fields": {"action_time": "2022-10-26T17:34:58.193Z", "user": "770c2823-a7a1-4168-9193-fe82a2edd6e2", "content_type": 13, "object_id": "3f230bb3-cf2f-44b4-a4bf-5d4596c17783", "object_repr": "Harry Potter and the Chamber of Secrets", "action_flag": 1, "change_message": "[{\"added\": {}}]"}}, {"model": "admin.logentry", "pk": 44, "fields": {"action_time": "2022-10-26T17:36:47.012Z", "user": "770c2823-a7a1-4168-9193-fe82a2edd6e2", "content_type": 13, "object_id": "0167199a-6775-41e4-ad95-0cd5d61115b4", "object_repr": "Harry Potter and the Goblet of Fire", "action_flag": 1, "change_message": "[{\"added\": {}}]"}}, {"model": "admin.logentry", "pk": 45, "fields": {"action_time": "2022-10-26T17:38:04.535Z", "user": "770c2823-a7a1-4168-9193-fe82a2edd6e2", "content_type": 13, "object_id": "b8cebfec-f02a-4507-9aa3-c96cdfc2efdf", "object_repr": "Harry Potter and the Philosopher's Stone", "action_flag": 1, "change_message": "[{\"added\": {}}]"}}, {"model": "admin.logentry", "pk": 46, "fields": {"action_time": "2022-10-26T17:39:26.755Z", "user": "770c2823-a7a1-4168-9193-fe82a2edd6e2", "content_type": 13, "object_id": "0aac2ba4-147f-47f2-90c9-e5170807a40b", "object_repr": "Harry Potter and the Prisoner of Azkaban", "action_flag": 1, "change_message": "[{\"added\": {}}]"}}, {"model": "admin.logentry", "pk": 47, "fields": {"action_time": "2022-10-26T17:41:10.545Z", "user": "770c2823-a7a1-4168-9193-fe82a2edd6e2", "content_type": 13, "object_id": "12119aec-55bf-4feb-97a8-3b07b87cde38", "object_repr": "Me Time", "action_flag": 1, "change_message": "[{\"added\": {}}]"}}, {"model": "admin.logentry", "pk": 48, "fields": {"action_time": "2022-10-26T17:44:03.507Z", "user": "770c2823-a7a1-4168-9193-fe82a2edd6e2", "content_type": 13, "object_id": "445f13fe-2f66-4cf1-91bf-d08f1023a60a", "object_repr": "The Italian Job", "action_flag": 1, "change_message": "[{\"added\": {}}]"}}, {"model": "admin.logentry", "pk": 49, "fields": {"action_time": "2022-10-26T17:45:29.928Z", "user": "770c2823-a7a1-4168-9193-fe82a2edd6e2", "content_type": 13, "object_id": "d94c775b-d30c-4edf-8aa6-9868fe63ac88", "object_repr": "Bullet Train", "action_flag": 1, "change_message": "[{\"added\": {}}]"}}, {"model": "admin.logentry", "pk": 50, "fields": {"action_time": "2022-10-26T17:46:37.768Z", "user": "770c2823-a7a1-4168-9193-fe82a2edd6e2", "content_type": 13, "object_id": "4b4f2f00-bb5b-46c6-8cba-8c9a91ed1b17", "object_repr": "Top Gun: Maverick", "action_flag": 1, "change_message": "[{\"added\": {}}]"}}, {"model": "admin.logentry", "pk": 51, "fields": {"action_time": "2022-10-26T17:47:27.829Z", "user": "770c2823-a7a1-4168-9193-fe82a2edd6e2", "content_type": 9, "object_id": "cd2051aa-b382-4486-8f75-d2e37c45842a", "object_repr": "Family", "action_flag": 1, "change_message": "[{\"added\": {}}]"}}, {"model": "admin.logentry", "pk": 52, "fields": {"action_time": "2022-10-26T17:48:10.055Z", "user": "770c2823-a7a1-4168-9193-fe82a2edd6e2", "content_type": 13, "object_id": "28c06e64-d618-4816-a69e-9217e0bc6a41", "object_repr": "Minions: The Rise of Gru", "action_flag": 1, "change_message": "[{\"added\": {}}]"}}, {"model": "admin.logentry", "pk": 53, "fields": {"action_time": "2022-10-26T17:49:50.705Z", "user": "770c2823-a7a1-4168-9193-fe82a2edd6e2", "content_type": 13, "object_id": "bcc8c591-0dd3-4196-9e81-3c7f15cb13e6", "object_repr": "The Expendables 2", "action_flag": 1, "change_message": "[{\"added\": {}}]"}}, {"model": "admin.logentry", "pk": 54, "fields": {"action_time": "2022-10-26T17:51:48.044Z", "user": "770c2823-a7a1-4168-9193-fe82a2edd6e2", "content_type": 13, "object_id": "2a2e59d4-f1d3-4079-88ee-c33330b748b4", "object_repr": "White Elephant", "action_flag": 1, "change_message": "[{\"added\": {}}]"}}, {"model": "admin.logentry", "pk": 55, "fields": {"action_time": "2022-10-26T17:53:05.072Z", "user": "770c2823-a7a1-4168-9193-fe82a2edd6e2", "content_type": 13, "object_id": "2af94699-8c49-4ef3-9d7b-317c87411417", "object_repr": "Black Adam", "action_flag": 1, "change_message": "[{\"added\": {}}]"}}, {"model": "admin.logentry", "pk": 56, "fields": {"action_time": "2022-10-26T17:53:38.649Z", "user": "770c2823-a7a1-4168-9193-fe82a2edd6e2", "content_type": 8, "object_id": "338fe0c5-7935-40db-a3f4-bde4f37ef66d", "object_repr": "Ryan Reynolds", "action_flag": 1, "change_message": "[{\"added\": {}}]"}}, {"model": "admin.logentry", "pk": 57, "fields": {"action_time": "2022-10-26T17:53:50.505Z", "user": "770c2823-a7a1-4168-9193-fe82a2edd6e2", "content_type": 8, "object_id": "db39b9e4-f77e-4cd0-a854-fb48df7cddcb", "object_repr": "Gal Gadot", "action_flag": 1, "change_message": "[{\"added\": {}}]"}}, {"model": "admin.logentry", "pk": 58, "fields": {"action_time": "2022-10-26T17:55:14.283Z", "user": "770c2823-a7a1-4168-9193-fe82a2edd6e2", "content_type": 13, "object_id": "c163b537-b0d1-4af8-99c2-685eff3c1c92", "object_repr": "Red Notice", "action_flag": 1, "change_message": "[{\"added\": {}}]"}}, {"model": "admin.logentry", "pk": 59, "fields": {"action_time": "2022-10-26T17:58:37.287Z", "user": "770c2823-a7a1-4168-9193-fe82a2edd6e2", "content_type": 8, "object_id": "31b5a8a1-5b95-41f2-bf66-2b4e6494f967", "object_repr": "Bryan Cranston", "action_flag": 1, "change_message": "[{\"added\": {}}]"}}, {"model": "admin.logentry", "pk": 60, "fields": {"action_time": "2022-10-26T17:58:50.056Z", "user": "770c2823-a7a1-4168-9193-fe82a2edd6e2", "content_type": 8, "object_id": "69a89e85-dfcb-4f9b-bbd9-4afd3358a00f", "object_repr": "Aaron Paul", "action_flag": 1, "change_message": "[{\"added\": {}}]"}}, {"model": "admin.logentry", "pk": 61, "fields": {"action_time": "2022-10-26T17:59:01.279Z", "user": "770c2823-a7a1-4168-9193-fe82a2edd6e2", "content_type": 8, "object_id": "ec6a8895-057d-4f17-9305-df44cd2fe5f9", "object_repr": "Dean Norris", "action_flag": 1, "change_message": "[{\"added\": {}}]"}}, {"model": "admin.logentry", "pk": 62, "fields": {"action_time": "2022-10-26T17:59:41.739Z", "user": "770c2823-a7a1-4168-9193-fe82a2edd6e2", "content_type": 8, "object_id": "fce54a19-239d-4d61-9c69-fc1b86ad1287", "object_repr": "Mayumi Tanaka", "action_flag": 1, "change_message": "[{\"added\": {}}]"}}, {"model": "admin.logentry", "pk": 63, "fields": {"action_time": "2022-10-26T17:59:52.845Z", "user": "770c2823-a7a1-4168-9193-fe82a2edd6e2", "content_type": 8, "object_id": "ad9d4bf3-578f-44f8-9fc5-baa525cb2dfb", "object_repr": "Kazuya Nakai", "action_flag": 1, "change_message": "[{\"added\": {}}]"}}, {"model": "admin.logentry", "pk": 64, "fields": {"action_time": "2022-10-26T18:00:04.385Z", "user": "770c2823-a7a1-4168-9193-fe82a2edd6e2", "content_type": 8, "object_id": "dd1de473-1bb6-4dfa-83d5-4dccacdba8cb", "object_repr": "Hiroaki Hirata", "action_flag": 1, "change_message": "[{\"added\": {}}]"}}, {"model": "admin.logentry", "pk": 65, "fields": {"action_time": "2022-10-26T18:00:28.131Z", "user": "770c2823-a7a1-4168-9193-fe82a2edd6e2", "content_type": 8, "object_id": "f1fbc276-fceb-440d-8e07-0cbaed9ef4af", "object_repr": "Megumi Han", "action_flag": 1, "change_message": "[{\"added\": {}}]"}}, {"model": "admin.logentry", "pk": 66, "fields": {"action_time": "2022-10-26T18:00:39.452Z", "user": "770c2823-a7a1-4168-9193-fe82a2edd6e2", "content_type": 8, "object_id": "fe5915f4-a756-4fe4-9d7c-2252056be85d", "object_repr": "Mariya Ise", "action_flag": 1, "change_message": "[{\"added\": {}}]"}}, {"model": "admin.logentry", "pk": 67, "fields": {"action_time": "2022-10-26T18:00:51.789Z", "user": "770c2823-a7a1-4168-9193-fe82a2edd6e2", "content_type": 8, "object_id": "ba27fc1c-d37a-40c4-99f4-52429d37ae40", "object_repr": "Miyuki Sawashiro", "action_flag": 1, "change_message": "[{\"added\": {}}]"}}, {"model": "admin.logentry", "pk": 68, "fields": {"action_time": "2022-10-26T18:01:14.581Z", "user": "770c2823-a7a1-4168-9193-fe82a2edd6e2", "content_type": 8, "object_id": "d3148fb1-a804-493a-87e7-17f066b5b2dc", "object_repr": "Anya Taylor-Joy", "action_flag": 1, "change_message": "[{\"added\": {}}]"}}, {"model": "admin.logentry", "pk": 69, "fields": {"action_time": "2022-10-26T18:01:27.728Z", "user": "770c2823-a7a1-4168-9193-fe82a2edd6e2", "content_type": 8, "object_id": "dfca47e6-d7a2-4c35-a1aa-64d54cdf3cfa", "object_repr": "Marcin Dorociński", "action_flag": 1, "change_message": "[{\"added\": {}}]"}}, {"model": "admin.logentry", "pk": 70, "fields": {"action_time": "2022-10-26T18:01:49.232Z", "user": "770c2823-a7a1-4168-9193-fe82a2edd6e2", "content_type": 8, "object_id": "ae53c266-8962-4bb9-92fa-080c9c3359a1", "object_repr": "Cillian Murphy", "action_flag": 1, "change_message": "[{\"added\": {}}]"}}, {"model": "admin.logentry", "pk": 71, "fields": {"action_time": "2022-10-26T18:02:03.257Z", "user": "770c2823-a7a1-4168-9193-fe82a2edd6e2", "content_type": 8, "object_id": "e04a32c1-5871-458e-87bd-abb32f21aa6a", "object_repr": "Paul Anderson", "action_flag": 1, "change_message": "[{\"added\": {}}]"}}, {"model": "admin.logentry", "pk": 72, "fields": {"action_time": "2022-10-26T18:02:12.925Z", "user": "770c2823-a7a1-4168-9193-fe82a2edd6e2", "content_type": 8, "object_id": "c291d203-ef42-4ab1-a0c2-960e27cab587", "object_repr": "Sophie Rundle", "action_flag": 1, "change_message": "[{\"added\": {}}]"}}, {"model": "admin.logentry", "pk": 73, "fields": {"action_time": "2022-10-26T18:02:24.558Z", "user": "770c2823-a7a1-4168-9193-fe82a2edd6e2", "content_type": 8, "object_id": "15c40bce-9b68-48d6-a3ad-25b558eb682a", "object_repr": "Tom Hardy", "action_flag": 1, "change_message": "[{\"added\": {}}]"}}, {"model": "admin.logentry", "pk": 74, "fields": {"action_time": "2022-10-26T18:02:48.634Z", "user": "770c2823-a7a1-4168-9193-fe82a2edd6e2", "content_type": 8, "object_id": "960c5ae6-e85a-408b-b8b1-ffb500ad9c14", "object_repr": "Freddie Highmore", "action_flag": 1, "change_message": "[{\"added\": {}}]"}}, {"model": "admin.logentry", "pk": 75, "fields": {"action_time": "2022-10-26T18:02:59.273Z", "user": "770c2823-a7a1-4168-9193-fe82a2edd6e2", "content_type": 8, "object_id": "edab6e50-5611-40a4-9748-c48912dc32e3", "object_repr": "Hill Harper", "action_flag": 1, "change_message": "[{\"added\": {}}]"}}, {"model": "admin.logentry", "pk": 76, "fields": {"action_time": "2022-10-26T18:03:24.150Z", "user": "770c2823-a7a1-4168-9193-fe82a2edd6e2", "content_type": 8, "object_id": "1c073b90-f041-4789-ba19-81e2ae6fbf2f", "object_repr": "Benedict Cumberbatch", "action_flag": 1, "change_message": "[{\"added\": {}}]"}}, {"model": "admin.logentry", "pk": 77, "fields": {"action_time": "2022-10-26T18:03:35.756Z", "user": "770c2823-a7a1-4168-9193-fe82a2edd6e2", "content_type": 8, "object_id": "7e816c93-8fb7-47fc-becb-0a93b3c0f1ce", "object_repr": "Martin Freeman", "action_flag": 1, "change_message": "[{\"added\": {}}]"}}, {"model": "admin.logentry", "pk": 78, "fields": {"action_time": "2022-10-26T18:03:46.583Z", "user": "770c2823-a7a1-4168-9193-fe82a2edd6e2", "content_type": 8, "object_id": "e031c822-2c08-4481-9130-edfa6b45d6de", "object_repr": "Mark Gatiss", "action_flag": 1, "change_message": "[{\"added\": {}}]"}}, {"model": "admin.logentry", "pk": 79, "fields": {"action_time": "2022-10-26T18:04:15.472Z", "user": "770c2823-a7a1-4168-9193-fe82a2edd6e2", "content_type": 8, "object_id": "f928edd4-345a-4e3d-99c8-4652bcd678e7", "object_repr": "Tom Payne", "action_flag": 1, "change_message": "[{\"added\": {}}]"}}, {"model": "admin.logentry", "pk": 80, "fields": {"action_time": "2022-10-26T18:04:26.133Z", "user": "770c2823-a7a1-4168-9193-fe82a2edd6e2", "content_type": 8, "object_id": "80728227-02d3-46d7-beb1-3691be2d2199", "object_repr": "Lou Diamond Phillips", "action_flag": 1, "change_message": "[{\"added\": {}}]"}}, {"model": "admin.logentry", "pk": 81, "fields": {"action_time": "2022-10-26T18:04:56.225Z", "user": "770c2823-a7a1-4168-9193-fe82a2edd6e2", "content_type": 8, "object_id": "53917c70-3d8a-456f-b1ff-c9d4752141e3", "object_repr": "Masako Nozawa", "action_flag": 1, "change_message": "[{\"added\": {}}]"}}, {"model": "admin.logentry", "pk": 82, "fields": {"action_time": "2022-10-26T18:05:07.682Z", "user": "770c2823-a7a1-4168-9193-fe82a2edd6e2", "content_type": 8, "object_id": "f50349b5-82da-4fd5-83e7-0b428104331d", "object_repr": "Yuko Minaguchi", "action_flag": 1, "change_message": "[{\"added\": {}}]"}}, {"model": "admin.logentry", "pk": 83, "fields": {"action_time": "2022-10-26T18:05:33.674Z", "user": "770c2823-a7a1-4168-9193-fe82a2edd6e2", "content_type": 8, "object_id": "f77fc323-4ed9-42e9-865d-157934a55d8a", "object_repr": "Matthew McConaughey", "action_flag": 1, "change_message": "[{\"added\": {}}]"}}, {"model": "admin.logentry", "pk": 84, "fields": {"action_time": "2022-10-26T18:05:44.855Z", "user": "770c2823-a7a1-4168-9193-fe82a2edd6e2", "content_type": 8, "object_id": "b604fd7f-e611-4461-bef4-69ed714054fb", "object_repr": "Woody Harrelson", "action_flag": 1, "change_message": "[{\"added\": {}}]"}}, {"model": "admin.logentry", "pk": 85, "fields": {"action_time": "2022-10-26T18:05:56.836Z", "user": "770c2823-a7a1-4168-9193-fe82a2edd6e2", "content_type": 8, "object_id": "96d5ae67-cde5-4cb1-a559-d1d9dffc95f3", "object_repr": "Vince Vaughn", "action_flag": 1, "change_message": "[{\"added\": {}}]"}}, {"model": "admin.logentry", "pk": 86, "fields": {"action_time": "2022-10-26T18:06:28.493Z", "user": "770c2823-a7a1-4168-9193-fe82a2edd6e2", "content_type": 8, "object_id": "5fdc4133-1505-459d-a677-1a73637080a0", "object_repr": "Jason Momoa", "action_flag": 1, "change_message": "[{\"added\": {}}]"}}, {"model": "admin.logentry", "pk": 87, "fields": {"action_time": "2022-10-26T18:06:40.706Z", "user": "770c2823-a7a1-4168-9193-fe82a2edd6e2", "content_type": 8, "object_id": "c4027720-c900-49d5-b2e6-0163ecd9c9b1", "object_repr": "Sylvia Hoeks", "action_flag": 1, "change_message": "[{\"added\": {}}]"}}, {"model": "admin.logentry", "pk": 88, "fields": {"action_time": "2022-10-26T18:06:52.231Z", "user": "770c2823-a7a1-4168-9193-fe82a2edd6e2", "content_type": 8, "object_id": "ed6c5463-204f-4de0-9f48-2de9421f7ee2", "object_repr": "Hera Hilmar", "action_flag": 1, "change_message": "[{\"added\": {}}]"}}, {"model": "admin.logentry", "pk": 89, "fields": {"action_time": "2022-10-26T18:07:12.452Z", "user": "770c2823-a7a1-4168-9193-fe82a2edd6e2", "content_type": 8, "object_id": "09725239-ef69-4d70-94c3-95ac05336024", "object_repr": "Rami Malek", "action_flag": 1, "change_message": "[{\"added\": {}}]"}}, {"model": "admin.logentry", "pk": 90, "fields": {"action_time": "2022-10-26T18:07:22.763Z", "user": "770c2823-a7a1-4168-9193-fe82a2edd6e2", "content_type": 8, "object_id": "728547f9-9a08-40fb-86e2-053d937c9f0a", "object_repr": "Christian Slater", "action_flag": 1, "change_message": "[{\"added\": {}}]"}}, {"model": "admin.logentry", "pk": 91, "fields": {"action_time": "2022-10-26T18:07:34.833Z", "user": "770c2823-a7a1-4168-9193-fe82a2edd6e2", "content_type": 8, "object_id": "04fc0938-6735-4cb8-bd69-5f8534393e84", "object_repr": "Carly Chaikin", "action_flag": 1, "change_message": "[{\"added\": {}}]"}}, {"model": "admin.logentry", "pk": 92, "fields": {"action_time": "2022-10-26T18:08:59.859Z", "user": "770c2823-a7a1-4168-9193-fe82a2edd6e2", "content_type": 11, "object_id": "3b56713d-13af-4bac-9606-6c552ad3b1f1", "object_repr": "Breaking Bad", "action_flag": 1, "change_message": "[{\"added\": {}}]"}}, {"model": "admin.logentry", "pk": 93, "fields": {"action_time": "2022-10-26T18:10:33.409Z", "user": "770c2823-a7a1-4168-9193-fe82a2edd6e2", "content_type": 11, "object_id": "818a5097-5e44-4e53-9f3c-b92d2097ee71", "object_repr": "One Piece", "action_flag": 1, "change_message": "[{\"added\": {}}]"}}, {"model": "admin.logentry", "pk": 94, "fields": {"action_time": "2022-10-26T18:11:44.298Z", "user": "770c2823-a7a1-4168-9193-fe82a2edd6e2", "content_type": 11, "object_id": "56ebdc38-d871-4cc1-8173-5813718713d7", "object_repr": "Hunter x Hunter", "action_flag": 1, "change_message": "[{\"added\": {}}]"}}, {"model": "admin.logentry", "pk": 95, "fields": {"action_time": "2022-10-26T18:13:04.672Z", "user": "770c2823-a7a1-4168-9193-fe82a2edd6e2", "content_type": 11, "object_id": "97f1d01b-6254-4731-a440-9f6ba6637305", "object_repr": "The Queen's Gambit", "action_flag": 1, "change_message": "[{\"added\": {}}]"}}, {"model": "admin.logentry", "pk": 96, "fields": {"action_time": "2022-10-26T18:14:18.819Z", "user": "770c2823-a7a1-4168-9193-fe82a2edd6e2", "content_type": 11, "object_id": "7ccede7d-b405-414d-98e7-4f48434431a1", "object_repr": "Peaky Blinders", "action_flag": 1, "change_message": "[{\"added\": {}}]"}}, {"model": "admin.logentry", "pk": 97, "fields": {"action_time": "2022-10-26T18:15:25.771Z", "user": "770c2823-a7a1-4168-9193-fe82a2edd6e2", "content_type": 11, "object_id": "a06fe40f-8563-45a5-ba25-5916e92ab6bf", "object_repr": "Sherlock", "action_flag": 1, "change_message": "[{\"added\": {}}]"}}, {"model": "admin.logentry", "pk": 98, "fields": {"action_time": "2022-10-26T18:16:45.065Z", "user": "770c2823-a7a1-4168-9193-fe82a2edd6e2", "content_type": 11, "object_id": "7916a771-022e-4f5c-8f7b-765e73b21766", "object_repr": "Prodigal Son", "action_flag": 1, "change_message": "[{\"added\": {}}]"}}, {"model": "admin.logentry", "pk": 99, "fields": {"action_time": "2022-10-26T18:18:01.799Z", "user": "770c2823-a7a1-4168-9193-fe82a2edd6e2", "content_type": 11, "object_id": "1c353ba7-9b5a-4447-81c7-07653da77d8f", "object_repr": "Dragon Ball Z", "action_flag": 1, "change_message": "[{\"added\": {}}]"}}, {"model": "admin.logentry", "pk": 100, "fields": {"action_time": "2022-10-26T18:19:10.552Z", "user": "770c2823-a7a1-4168-9193-fe82a2edd6e2", "content_type": 11, "object_id": "c82d8f02-d614-4414-8e33-388d8d9e70ce", "object_repr": "See", "action_flag": 1, "change_message": "[{\"added\": {}}]"}}, {"model": "admin.logentry", "pk": 101, "fields": {"action_time": "2022-10-26T18:20:05.876Z", "user": "770c2823-a7a1-4168-9193-fe82a2edd6e2", "content_type": 11, "object_id": "9dfbe49c-229a-41cc-9450-db4ebfe14e7f", "object_repr": "Mr. Robot", "action_flag": 1, "change_message": "[{\"added\": {}}]"}}, {"model": "admin.logentry", "pk": 102, "fields": {"action_time": "2022-10-26T18:21:04.332Z", "user": "770c2823-a7a1-4168-9193-fe82a2edd6e2", "content_type": 12, "object_id": "50bdfa31-5019-4604-b7af-8f91f6cfbb81", "object_repr": "Breaking Bad || Season 1", "action_flag": 1, "change_message": "[{\"added\": {}}]"}}, {"model": "admin.logentry", "pk": 103, "fields": {"action_time": "2022-10-26T18:21:10.204Z", "user": "770c2823-a7a1-4168-9193-fe82a2edd6e2", "content_type": 12, "object_id": "f79f475c-7330-45c5-9740-005a81f1f7c3", "object_repr": "Breaking Bad || Season 2", "action_flag": 1, "change_message": "[{\"added\": {}}]"}}, {"model": "admin.logentry", "pk": 104, "fields": {"action_time": "2022-10-26T18:21:13.901Z", "user": "770c2823-a7a1-4168-9193-fe82a2edd6e2", "content_type": 12, "object_id": "e47a100d-d6a8-4cae-ae6a-08eb0512166d", "object_repr": "One Piece || Season 1", "action_flag": 1, "change_message": "[{\"added\": {}}]"}}, {"model": "admin.logentry", "pk": 105, "fields": {"action_time": "2022-10-26T18:21:19.082Z", "user": "770c2823-a7a1-4168-9193-fe82a2edd6e2", "content_type": 12, "object_id": "2dbd85be-d7a7-4aaf-9dc3-64cceba9f06a", "object_repr": "One Piece || Season 2", "action_flag": 1, "change_message": "[{\"added\": {}}]"}}, {"model": "admin.logentry", "pk": 106, "fields": {"action_time": "2022-10-26T18:21:22.942Z", "user": "770c2823-a7a1-4168-9193-fe82a2edd6e2", "content_type": 12, "object_id": "17be4204-b889-4cc9-ad92-3f16a39fb7fd", "object_repr": "Hunter x Hunter || Season 1", "action_flag": 1, "change_message": "[{\"added\": {}}]"}}, {"model": "admin.logentry", "pk": 107, "fields": {"action_time": "2022-10-26T18:21:26.155Z", "user": "770c2823-a7a1-4168-9193-fe82a2edd6e2", "content_type": 12, "object_id": "e4585a27-4973-4c03-a506-1849a42cd1ab", "object_repr": "Hunter x Hunter || Season 2", "action_flag": 1, "change_message": "[{\"added\": {}}]"}}, {"model": "admin.logentry", "pk": 108, "fields": {"action_time": "2022-10-26T18:21:28.846Z", "user": "770c2823-a7a1-4168-9193-fe82a2edd6e2", "content_type": 12, "object_id": "b169248e-5390-40d5-a55b-4ff115021951", "object_repr": "Hunter x Hunter || Season 3", "action_flag": 1, "change_message": "[{\"added\": {}}]"}}, {"model": "admin.logentry", "pk": 109, "fields": {"action_time": "2022-10-26T18:21:32.515Z", "user": "770c2823-a7a1-4168-9193-fe82a2edd6e2", "content_type": 12, "object_id": "71f765e0-0f22-405e-a950-ea27376463da", "object_repr": "The Queen's Gambit || Season 1", "action_flag": 1, "change_message": "[{\"added\": {}}]"}}, {"model": "admin.logentry", "pk": 110, "fields": {"action_time": "2022-10-26T18:21:36.763Z", "user": "770c2823-a7a1-4168-9193-fe82a2edd6e2", "content_type": 12, "object_id": "a3ec5a6e-ff4d-4003-abc8-642033e248cf", "object_repr": "The Queen's Gambit || Season 2", "action_flag": 1, "change_message": "[{\"added\": {}}]"}}, {"model": "admin.logentry", "pk": 111, "fields": {"action_time": "2022-10-26T18:23:42.267Z", "user": "770c2823-a7a1-4168-9193-fe82a2edd6e2", "content_type": 14, "object_id": "94e31ed3-5804-43cc-b512-e8a3aa7675de", "object_repr": "Breaking Bad || Season 1 || Episode 1", "action_flag": 1, "change_message": "[{\"added\": {}}]"}}, {"model": "admin.logentry", "pk": 112, "fields": {"action_time": "2022-10-26T18:24:08.336Z", "user": "770c2823-a7a1-4168-9193-fe82a2edd6e2", "content_type": 14, "object_id": "c9595fd0-907d-4c33-8de0-f23601b40cc0", "object_repr": "Breaking Bad || Season 1 || Episode 2", "action_flag": 1, "change_message": "[{\"added\": {}}]"}}, {"model": "admin.logentry", "pk": 113, "fields": {"action_time": "2022-10-26T18:26:33.391Z", "user": "770c2823-a7a1-4168-9193-fe82a2edd6e2", "content_type": 10, "object_id": "5e436007-d039-4ae9-860d-73124977b359", "object_repr": "Empire Issue Preview: Spirited, Enys Men, Review Of The Year, Eric Roberts", "action_flag": 1, "change_message": "[{\"added\": {}}]"}}, {"model": "admin.logentry", "pk": 114, "fields": {"action_time": "2022-10-26T18:27:18.994Z", "user": "770c2823-a7a1-4168-9193-fe82a2edd6e2", "content_type": 10, "object_id": "64a0d0f0-376d-406c-9ed1-0258bae10e58", "object_repr": "Henry Cavill Officially Back As Superman", "action_flag": 1, "change_message": "[{\"added\": {}}]"}}, {"model": "admin.logentry", "pk": 115, "fields": {"action_time": "2022-10-26T18:27:41.840Z", "user": "770c2823-a7a1-4168-9193-fe82a2edd6e2", "content_type": 10, "object_id": "8bbb5f2c-18fc-49ed-9e3b-bbb79cf3d56c", "object_repr": "Angelina Jolie To Play Opera Singer Maria Callas", "action_flag": 1, "change_message": "[{\"added\": {}}]"}}, {"model": "auth.permission", "pk": 1, "fields": {"name": "Can add log entry", "content_type": 1, "codename": "add_logentry"}}, {"model": "auth.permission", "pk": 2, "fields": {"name": "Can change log entry", "content_type": 1, "codename": "change_logentry"}}, {"model": "auth.permission", "pk": 3, "fields": {"name": "Can delete log entry", "content_type": 1, "codename": "delete_logentry"}}, {"model": "auth.permission", "pk": 4, "fields": {"name": "Can view log entry", "content_type": 1, "codename": "view_logentry"}}, {"model": "auth.permission", "pk": 5, "fields": {"name": "Can add permission", "content_type": 2, "codename": "add_permission"}}, {"model": "auth.permission", "pk": 6, "fields": {"name": "Can change permission", "content_type": 2, "codename": "change_permission"}}, {"model": "auth.permission", "pk": 7, "fields": {"name": "Can delete permission", "content_type": 2, "codename": "delete_permission"}}, {"model": "auth.permission", "pk": 8, "fields": {"name": "Can view permission", "content_type": 2, "codename": "view_permission"}}, {"model": "auth.permission", "pk": 9, "fields": {"name": "Can add group", "content_type": 3, "codename": "add_group"}}, {"model": "auth.permission", "pk": 10, "fields": {"name": "Can change group", "content_type": 3, "codename": "change_group"}}, {"model": "auth.permission", "pk": 11, "fields": {"name": "Can delete group", "content_type": 3, "codename": "delete_group"}}, {"model": "auth.permission", "pk": 12, "fields": {"name": "Can view group", "content_type": 3, "codename": "view_group"}}, {"model": "auth.permission", "pk": 13, "fields": {"name": "Can add content type", "content_type": 4, "codename": "add_contenttype"}}, {"model": "auth.permission", "pk": 14, "fields": {"name": "Can change content type", "content_type": 4, "codename": "change_contenttype"}}, {"model": "auth.permission", "pk": 15, "fields": {"name": "Can delete content type", "content_type": 4, "codename": "delete_contenttype"}}, {"model": "auth.permission", "pk": 16, "fields": {"name": "Can view content type", "content_type": 4, "codename": "view_contenttype"}}, {"model": "auth.permission", "pk": 17, "fields": {"name": "Can add session", "content_type": 5, "codename": "add_session"}}, {"model": "auth.permission", "pk": 18, "fields": {"name": "Can change session", "content_type": 5, "codename": "change_session"}}, {"model": "auth.permission", "pk": 19, "fields": {"name": "Can delete session", "content_type": 5, "codename": "delete_session"}}, {"model": "auth.permission", "pk": 20, "fields": {"name": "Can view session", "content_type": 5, "codename": "view_session"}}, {"model": "auth.permission", "pk": 21, "fields": {"name": "Can add user", "content_type": 6, "codename": "add_user"}}, {"model": "auth.permission", "pk": 22, "fields": {"name": "Can change user", "content_type": 6, "codename": "change_user"}}, {"model": "auth.permission", "pk": 23, "fields": {"name": "Can delete user", "content_type": 6, "codename": "delete_user"}}, {"model": "auth.permission", "pk": 24, "fields": {"name": "Can view user", "content_type": 6, "codename": "view_user"}}, {"model": "auth.permission", "pk": 25, "fields": {"name": "Can add otp", "content_type": 7, "codename": "add_otp"}}, {"model": "auth.permission", "pk": 26, "fields": {"name": "Can change otp", "content_type": 7, "codename": "change_otp"}}, {"model": "auth.permission", "pk": 27, "fields": {"name": "Can delete otp", "content_type": 7, "codename": "delete_otp"}}, {"model": "auth.permission", "pk": 28, "fields": {"name": "Can view otp", "content_type": 7, "codename": "view_otp"}}, {"model": "auth.permission", "pk": 29, "fields": {"name": "Can add actor", "content_type": 8, "codename": "add_actor"}}, {"model": "auth.permission", "pk": 30, "fields": {"name": "Can change actor", "content_type": 8, "codename": "change_actor"}}, {"model": "auth.permission", "pk": 31, "fields": {"name": "Can delete actor", "content_type": 8, "codename": "delete_actor"}}, {"model": "auth.permission", "pk": 32, "fields": {"name": "Can view actor", "content_type": 8, "codename": "view_actor"}}, {"model": "auth.permission", "pk": 33, "fields": {"name": "Can add category", "content_type": 9, "codename": "add_category"}}, {"model": "auth.permission", "pk": 34, "fields": {"name": "Can change category", "content_type": 9, "codename": "change_category"}}, {"model": "auth.permission", "pk": 35, "fields": {"name": "Can delete category", "content_type": 9, "codename": "delete_category"}}, {"model": "auth.permission", "pk": 36, "fields": {"name": "Can view category", "content_type": 9, "codename": "view_category"}}, {"model": "auth.permission", "pk": 37, "fields": {"name": "Can add new", "content_type": 10, "codename": "add_new"}}, {"model": "auth.permission", "pk": 38, "fields": {"name": "Can change new", "content_type": 10, "codename": "change_new"}}, {"model": "auth.permission", "pk": 39, "fields": {"name": "Can delete new", "content_type": 10, "codename": "delete_new"}}, {"model": "auth.permission", "pk": 40, "fields": {"name": "Can view new", "content_type": 10, "codename": "view_new"}}, {"model": "auth.permission", "pk": 41, "fields": {"name": "Can add serial", "content_type": 11, "codename": "add_serial"}}, {"model": "auth.permission", "pk": 42, "fields": {"name": "Can change serial", "content_type": 11, "codename": "change_serial"}}, {"model": "auth.permission", "pk": 43, "fields": {"name": "Can delete serial", "content_type": 11, "codename": "delete_serial"}}, {"model": "auth.permission", "pk": 44, "fields": {"name": "Can view serial", "content_type": 11, "codename": "view_serial"}}, {"model": "auth.permission", "pk": 45, "fields": {"name": "Can add season", "content_type": 12, "codename": "add_season"}}, {"model": "auth.permission", "pk": 46, "fields": {"name": "Can change season", "content_type": 12, "codename": "change_season"}}, {"model": "auth.permission", "pk": 47, "fields": {"name": "Can delete season", "content_type": 12, "codename": "delete_season"}}, {"model": "auth.permission", "pk": 48, "fields": {"name": "Can view season", "content_type": 12, "codename": "view_season"}}, {"model": "auth.permission", "pk": 49, "fields": {"name": "Can add movie", "content_type": 13, "codename": "add_movie"}}, {"model": "auth.permission", "pk": 50, "fields": {"name": "Can change movie", "content_type": 13, "codename": "change_movie"}}, {"model": "auth.permission", "pk": 51, "fields": {"name": "Can delete movie", "content_type": 13, "codename": "delete_movie"}}, {"model": "auth.permission", "pk": 52, "fields": {"name": "Can view movie", "content_type": 13, "codename": "view_movie"}}, {"model": "auth.permission", "pk": 53, "fields": {"name": "Can add episode", "content_type": 14, "codename": "add_episode"}}, {"model": "auth.permission", "pk": 54, "fields": {"name": "Can change episode", "content_type": 14, "codename": "change_episode"}}, {"model": "auth.permission", "pk": 55, "fields": {"name": "Can delete episode", "content_type": 14, "codename": "delete_episode"}}, {"model": "auth.permission", "pk": 56, "fields": {"name": "Can view episode", "content_type": 14, "codename": "view_episode"}}, {"model": "auth.permission", "pk": 57, "fields": {"name": "Can add profile", "content_type": 15, "codename": "add_profile"}}, {"model": "auth.permission", "pk": 58, "fields": {"name": "Can change profile", "content_type": 15, "codename": "change_profile"}}, {"model": "auth.permission", "pk": 59, "fields": {"name": "Can delete profile", "content_type": 15, "codename": "delete_profile"}}, {"model": "auth.permission", "pk": 60, "fields": {"name": "Can view profile", "content_type": 15, "codename": "view_profile"}}, {"model": "auth.permission", "pk": 61, "fields": {"name": "Can add request", "content_type": 16, "codename": "add_request"}}, {"model": "auth.permission", "pk": 62, "fields": {"name": "Can change request", "content_type": 16, "codename": "change_request"}}, {"model": "auth.permission", "pk": 63, "fields": {"name": "Can delete request", "content_type": 16, "codename": "delete_request"}}, {"model": "auth.permission", "pk": 64, "fields": {"name": "Can view request", "content_type": 16, "codename": "view_request"}}, {"model": "auth.permission", "pk": 65, "fields": {"name": "Can add response", "content_type": 17, "codename": "add_response"}}, {"model": "auth.permission", "pk": 66, "fields": {"name": "Can change response", "content_type": 17, "codename": "change_response"}}, {"model": "auth.permission", "pk": 67, "fields": {"name": "Can delete response", "content_type": 17, "codename": "delete_response"}}, {"model": "auth.permission", "pk": 68, "fields": {"name": "Can view response", "content_type": 17, "codename": "view_response"}}, {"model": "auth.permission", "pk": 69, "fields": {"name": "Can add sql query", "content_type": 18, "codename": "add_sqlquery"}}, {"model": "auth.permission", "pk": 70, "fields": {"name": "Can change sql query", "content_type": 18, "codename": "change_sqlquery"}}, {"model": "auth.permission", "pk": 71, "fields": {"name": "Can delete sql query", "content_type": 18, "codename": "delete_sqlquery"}}, {"model": "auth.permission", "pk": 72, "fields": {"name": "Can view sql query", "content_type": 18, "codename": "view_sqlquery"}}, {"model": "contenttypes.contenttype", "pk": 1, "fields": {"app_label": "admin", "model": "logentry"}}, {"model": "contenttypes.contenttype", "pk": 2, "fields": {"app_label": "auth", "model": "permission"}}, {"model": "contenttypes.contenttype", "pk": 3, "fields": {"app_label": "auth", "model": "group"}}, {"model": "contenttypes.contenttype", "pk": 4, "fields": {"app_label": "contenttypes", "model": "contenttype"}}, {"model": "contenttypes.contenttype", "pk": 5, "fields": {"app_label": "sessions", "model": "session"}}, {"model": "contenttypes.contenttype", "pk": 6, "fields": {"app_label": "account", "model": "user"}}, {"model": "contenttypes.contenttype", "pk": 7, "fields": {"app_label": "account", "model": "otp"}}, {"model": "contenttypes.contenttype", "pk": 8, "fields": {"app_label": "movies", "model": "actor"}}, {"model": "contenttypes.contenttype", "pk": 9, "fields": {"app_label": "movies", "model": "category"}}, {"model": "contenttypes.contenttype", "pk": 10, "fields": {"app_label": "movies", "model": "new"}}, {"model": "contenttypes.contenttype", "pk": 11, "fields": {"app_label": "movies", "model": "serial"}}, {"model": "contenttypes.contenttype", "pk": 12, "fields": {"app_label": "movies", "model": "season"}}, {"model": "contenttypes.contenttype", "pk": 13, "fields": {"app_label": "movies", "model": "movie"}}, {"model": "contenttypes.contenttype", "pk": 14, "fields": {"app_label": "movies", "model": "episode"}}, {"model": "contenttypes.contenttype", "pk": 15, "fields": {"app_label": "silk", "model": "profile"}}, {"model": "contenttypes.contenttype", "pk": 16, "fields": {"app_label": "silk", "model": "request"}}, {"model": "contenttypes.contenttype", "pk": 17, "fields": {"app_label": "silk", "model": "response"}}, {"model": "contenttypes.contenttype", "pk": 18, "fields": {"app_label": "silk", "model": "sqlquery"}}, {"model": "sessions.session", "pk": "8bxtbf6s17hws29uh3rettddx36cplx0", "fields": {"session_data": ".eJxVzMsOwiAQheF3YS0EBuiAS_c-QzOdAVs1bdLLyvju2qQLXZ__Oy_V0rb27baUuR1EnRWiZUjgNSE5HVyTdHbZ61oSEBSRpoA6_bKO-FHG3cqdxttkeBrXeejMnphjXcx1kvK8HO3fQU9L_9U5CbiOOx9tDFEYixXEGKGElK0jsjZVytGH4NgDZ0xRoFbmait5VO8PmH9AiA:1onk05:LDrLEbGiLlNVgKS0JVCRGNdqkmbi2nuNdhwlvS21yZg", "expire_date": "2022-11-09T17:15:33.397Z"}}, {"model": "account.user", "pk": "770c2823-a7a1-4168-9193-fe82a2edd6e2", "fields": {"password": "pbkdf2_sha256$390000$1KXE4saDk0OR4NkXG7HuVJ$WYmKnXoC/6RbGBJkoqFgw1ghucU5TRh4u2r/WsszeGc=", "last_login": "2022-10-26T17:15:33.393Z", "is_superuser": true, "first_name": "", "last_name": "", "is_staff": true, "is_active": true, "date_joined": "2022-10-26T17:15:20.528Z", "created": "2022-10-26T17:15:20.763Z", "updated": "2022-10-26T17:15:20.763Z", "email": "admin@admin.com", "name": "", "profile": null, "is_verified": false, "gender": null, "phone": null, "birth_date": null, "groups": [], "user_permissions": []}}, {"model": "movies.category", "pk": "036cead1-e07a-48f5-a113-937eda404dad", "fields": {"created": "2022-10-26T17:31:14.486Z", "updated": "2022-10-26T17:31:14.486Z", "name": "Crime"}}, {"model": "movies.category", "pk": "14193641-08ca-4d85-a27f-805e43f285dc", "fields": {"created": "2022-10-26T17:31:52.988Z", "updated": "2022-10-26T17:31:52.988Z", "name": "Biography"}}, {"model": "movies.category", "pk": "152c9eca-66b9-4861-9e87-ca913d17408c", "fields": {"created": "2022-10-26T17:33:23.880Z", "updated": "2022-10-26T17:33:23.880Z", "name": "Fantasy"}}, {"model": "movies.category", "pk": "2e178017-4a50-4f33-9fbe-279e9a820d31", "fields": {"created": "2022-10-26T17:31:17.950Z", "updated": "2022-10-26T17:31:17.950Z", "name": "Animation"}}, {"model": "movies.category", "pk": "46a4c6c9-9ac5-4108-ade7-a6747959d268", "fields": {"created": "2022-10-26T17:32:31.050Z", "updated": "2022-10-26T17:32:31.051Z", "name": "Musical"}}, {"model": "movies.category", "pk": "4992885a-bfdf-4690-a78f-09deb27a5d78", "fields": {"created": "2022-10-26T17:31:11.382Z", "updated": "2022-10-26T17:31:11.382Z", "name": "Comedy"}}, {"model": "movies.category", "pk": "51cbcceb-5923-4f78-9d98-5316721339dc", "fields": {"created": "2022-10-26T17:32:44.618Z", "updated": "2022-10-26T17:32:44.618Z", "name": "Action"}}, {"model": "movies.category", "pk": "6b8478a4-3a54-4c5d-8894-2d22669b5811", "fields": {"created": "2022-10-26T17:31:00.014Z", "updated": "2022-10-26T17:31:00.014Z", "name": "Historical"}}, {"model": "movies.category", "pk": "6bcfa56c-9aa6-45b8-a792-912607b18b81", "fields": {"created": "2022-10-26T17:31:06.452Z", "updated": "2022-10-26T17:31:06.453Z", "name": "Science fiction"}}, {"model": "movies.category", "pk": "8b509030-89d4-4c6b-82fd-20eb8ffcd02f", "fields": {"created": "2022-10-26T17:32:22.194Z", "updated": "2022-10-26T17:32:22.194Z", "name": "Mystery"}}, {"model": "movies.category", "pk": "9300ad4d-4e32-4763-bf90-477633dc899f", "fields": {"created": "2022-10-26T17:30:51.547Z", "updated": "2022-10-26T17:30:51.547Z", "name": "Adventure"}}, {"model": "movies.category", "pk": "b83c1ab2-5588-485b-81fb-31f1a2212e6d", "fields": {"created": "2022-10-26T17:30:56.918Z", "updated": "2022-10-26T17:30:56.918Z", "name": "Horror"}}, {"model": "movies.category", "pk": "cd2051aa-b382-4486-8f75-d2e37c45842a", "fields": {"created": "2022-10-26T17:47:27.828Z", "updated": "2022-10-26T17:47:27.828Z", "name": "Family"}}, {"model": "movies.category", "pk": "d3f87752-a557-425d-bd26-08fd44022e71", "fields": {"created": "2022-10-26T17:31:57.830Z", "updated": "2022-10-26T17:31:57.830Z", "name": "Thriller"}}, {"model": "movies.category", "pk": "fdf2ab3b-471c-4d12-956f-07a1be17d40d", "fields": {"created": "2022-10-26T17:31:03.518Z", "updated": "2022-10-26T17:31:03.518Z", "name": "Drama"}}, {"model": "movies.actor", "pk": "00f2c00e-9ffe-4a56-a035-83cbb7853065", "fields": {"created": "2022-10-26T17:17:51.434Z", "updated": "2022-10-26T17:17:51.434Z", "name": "Brad Pitt", "image": "https://i.ibb.co/2sBfmrd/image.jpg"}}, {"model": "movies.actor", "pk": "04fc0938-6735-4cb8-bd69-5f8534393e84", "fields": {"created": "2022-10-26T18:07:34.831Z", "updated": "2022-10-26T18:07:34.832Z", "name": "Carly Chaikin", "image": "https://i.ibb.co/nk5TKD4/image.jpg"}}, {"model": "movies.actor", "pk": "080f11b1-8f8c-4a96-b3a0-5dbc59b0ae3d", "fields": {"created": "2022-10-26T17:19:10.834Z", "updated": "2022-10-26T17:19:10.834Z", "name": "Dwayne Johnson", "image": "https://i.ibb.co/PM4Hht9/image.jpg"}}, {"model": "movies.actor", "pk": "09725239-ef69-4d70-94c3-95ac05336024", "fields": {"created": "2022-10-26T18:07:12.449Z", "updated": "2022-10-26T18:07:12.449Z", "name": "Rami Malek", "image": "https://i.ibb.co/Q6ZQXRw/image.jpg"}}, {"model": "movies.actor", "pk": "0dc752f2-18a9-455c-bf57-3bdd3a1c0c52", "fields": {"created": "2022-10-26T17:19:46.487Z", "updated": "2022-10-26T17:19:46.487Z", "name": "Aldis Hodge", "image": "https://i.ibb.co/N3D6Ppx/image.jpg"}}, {"model": "movies.actor", "pk": "13ce434e-7e31-4ef6-8a85-511d2dd7c532", "fields": {"created": "2022-10-26T17:26:44.807Z", "updated": "2022-10-26T17:26:44.807Z", "name": "Daniel Radcliffe", "image": "https://i.ibb.co/YfNMy23/image.jpg"}}, {"model": "movies.actor", "pk": "15c40bce-9b68-48d6-a3ad-25b558eb682a", "fields": {"created": "2022-10-26T18:02:24.556Z", "updated": "2022-10-26T18:02:24.556Z", "name": "Tom Hardy", "image": "https://i.ibb.co/D1snG8b/image.jpg"}}, {"model": "movies.actor", "pk": "1b92a99b-0eab-405b-8e76-eedd2a213f02", "fields": {"created": "2022-10-26T17:24:09.705Z", "updated": "2022-10-26T17:24:09.705Z", "name": "Jason Statham", "image": "https://i.ibb.co/1dzFNNq/image.jpg"}}, {"model": "movies.actor", "pk": "1c073b90-f041-4789-ba19-81e2ae6fbf2f", "fields": {"created": "2022-10-26T18:03:24.147Z", "updated": "2022-10-26T18:03:24.147Z", "name": "Benedict Cumberbatch", "image": "https://i.ibb.co/J7cLMNb/image.jpg"}}, {"model": "movies.actor", "pk": "29f32b64-f532-4192-a6c8-82281f655105", "fields": {"created": "2022-10-26T17:25:02.734Z", "updated": "2022-10-26T17:25:02.734Z", "name": "Terry Crews", "image": "https://i.ibb.co/cxbJRW7/image.jpg"}}, {"model": "movies.actor", "pk": "2f44e9d7-a79d-4e5f-9178-69fbc429b85a", "fields": {"created": "2022-10-26T17:24:34.294Z", "updated": "2022-10-26T17:24:34.294Z", "name": "Bruce Willis", "image": "https://i.ibb.co/4jSfXpJ/image.jpg"}}, {"model": "movies.actor", "pk": "31b5a8a1-5b95-41f2-bf66-2b4e6494f967", "fields": {"created": "2022-10-26T17:58:37.285Z", "updated": "2022-10-26T17:58:37.285Z", "name": "Bryan Cranston", "image": "https://i.ibb.co/xLX3Dt1/image.jpg"}}, {"model": "movies.actor", "pk": "338fe0c5-7935-40db-a3f4-bde4f37ef66d", "fields": {"created": "2022-10-26T17:53:38.647Z", "updated": "2022-10-26T17:53:38.647Z", "name": "Ryan Reynolds", "image": "https://i.ibb.co/nw7sT8g/image.jpg"}}, {"model": "movies.actor", "pk": "4acbbe8d-5d9f-4206-ac26-8b7e8d1346f3", "fields": {"created": "2022-10-26T17:25:36.313Z", "updated": "2022-10-26T17:25:36.313Z", "name": "John Malkovich", "image": "https://i.ibb.co/30dFt9S/image.jpg"}}, {"model": "movies.actor", "pk": "5018ec02-0856-47a0-8661-000ef4837b13", "fields": {"created": "2022-10-26T17:26:59.321Z", "updated": "2022-10-26T17:26:59.322Z", "name": "Rupert Grint", "image": "https://i.ibb.co/7XgpC7j/image.jpg"}}, {"model": "movies.actor", "pk": "53917c70-3d8a-456f-b1ff-c9d4752141e3", "fields": {"created": "2022-10-26T18:04:56.223Z", "updated": "2022-10-26T18:04:56.223Z", "name": "Masako Nozawa", "image": "https://i.ibb.co/4fcQ212/image.jpg"}}, {"model": "movies.actor", "pk": "56c5b07e-5e80-4231-af18-85f581d8b317", "fields": {"created": "2022-10-26T17:21:53.345Z", "updated": "2022-10-26T17:21:53.345Z", "name": "Ed Harris", "image": "https://i.ibb.co/KKwzNYZ/image.jpg"}}, {"model": "movies.actor", "pk": "5ad1bb8d-76c1-403a-b961-f484bd492ef1", "fields": {"created": "2022-10-26T17:18:04.784Z", "updated": "2022-10-26T17:18:04.784Z", "name": "Joey King", "image": "https://i.ibb.co/RDRCMVL/image.jpg"}}, {"model": "movies.actor", "pk": "5fdc4133-1505-459d-a677-1a73637080a0", "fields": {"created": "2022-10-26T18:06:28.482Z", "updated": "2022-10-26T18:06:28.482Z", "name": "Jason Momoa", "image": "https://i.ibb.co/RcLb4gd/image.jpg"}}, {"model": "movies.actor", "pk": "67b78686-eb60-42f9-a126-9591f3bef1cd", "fields": {"created": "2022-10-26T17:24:49.066Z", "updated": "2022-10-26T17:24:49.066Z", "name": "Arnold Schwarzenegger", "image": "https://i.ibb.co/xLyn4b9/image.jpg"}}, {"model": "movies.actor", "pk": "69a89e85-dfcb-4f9b-bbd9-4afd3358a00f", "fields": {"created": "2022-10-26T17:58:50.055Z", "updated": "2022-10-26T17:58:50.055Z", "name": "Aaron Paul", "image": "https://i.ibb.co/LZKVQM2/image.jpg"}}, {"model": "movies.actor", "pk": "69f6488a-1625-49d8-a4ee-254c217de8a3", "fields": {"created": "2022-10-26T17:24:22.966Z", "updated": "2022-10-26T17:24:22.966Z", "name": "Jet Li", "image": "https://i.ibb.co/JnwmN5p/image.jpg"}}, {"model": "movies.actor", "pk": "6f420335-d491-42e0-aaf1-abd6d935c6ca", "fields": {"created": "2022-10-26T17:28:27.197Z", "updated": "2022-10-26T17:28:27.197Z", "name": "Mark Wahlberg", "image": "https://i.ibb.co/DQsBz8P/image.jpg"}}, {"model": "movies.actor", "pk": "728547f9-9a08-40fb-86e2-053d937c9f0a", "fields": {"created": "2022-10-26T18:07:22.761Z", "updated": "2022-10-26T18:07:22.762Z", "name": "Christian Slater", "image": "https://i.ibb.co/dK2j2th/image.jpg"}}, {"model": "movies.actor", "pk": "7e816c93-8fb7-47fc-becb-0a93b3c0f1ce", "fields": {"created": "2022-10-26T18:03:35.754Z", "updated": "2022-10-26T18:03:35.754Z", "name": "Martin Freeman", "image": "https://i.ibb.co/F7xXP62/image.jpg"}}, {"model": "movies.actor", "pk": "7f253de4-edaf-484d-bfa5-ee9a06bfe860", "fields": {"created": "2022-10-26T17:21:04.193Z", "updated": "2022-10-26T17:21:04.193Z", "name": "Miles Teller", "image": "https://i.ibb.co/yPYJnPY/image.jpg"}}, {"model": "movies.actor", "pk": "80728227-02d3-46d7-beb1-3691be2d2199", "fields": {"created": "2022-10-26T18:04:26.131Z", "updated": "2022-10-26T18:04:26.131Z", "name": "Lou Diamond Phillips", "image": "https://i.ibb.co/7GnRt6D/image.jpg"}}, {"model": "movies.actor", "pk": "835570aa-159f-41d9-8805-4c59c9b0528e", "fields": {"created": "2022-10-26T17:21:37.678Z", "updated": "2022-10-26T17:21:37.679Z", "name": "Jon Hamm", "image": "https://i.ibb.co/CmPsrKb/image.jpg"}}, {"model": "movies.actor", "pk": "960c5ae6-e85a-408b-b8b1-ffb500ad9c14", "fields": {"created": "2022-10-26T18:02:48.627Z", "updated": "2022-10-26T18:02:48.627Z", "name": "Freddie Highmore", "image": "https://i.ibb.co/ykN5krQ/image.jpg"}}, {"model": "movies.actor", "pk": "96d5ae67-cde5-4cb1-a559-d1d9dffc95f3", "fields": {"created": "2022-10-26T18:05:56.834Z", "updated": "2022-10-26T18:05:56.834Z", "name": "Vince Vaughn", "image": "https://i.ibb.co/ch2jbDS/image.jpg"}}, {"model": "movies.actor", "pk": "9d787e67-cca0-44e0-93a1-2d11e69c14e3", "fields": {"created": "2022-10-26T17:27:11.910Z", "updated": "2022-10-26T17:27:11.910Z", "name": "Emma Watson", "image": "https://i.ibb.co/hH1qJyQ/image.jpg"}}, {"model": "movies.actor", "pk": "a0aa6632-0291-45af-9233-3fab5e67c980", "fields": {"created": "2022-10-26T17:19:28.657Z", "updated": "2022-10-26T17:19:28.657Z", "name": "Pierce Brosnan", "image": "https://i.ibb.co/9HSMWWY/image.jpg"}}, {"model": "movies.actor", "pk": "a5ddf427-0ccd-4618-b00e-e061c5a55502", "fields": {"created": "2022-10-26T17:28:52.991Z", "updated": "2022-10-26T17:28:52.991Z", "name": "Charlize Theron", "image": "https://i.ibb.co/xf4ySgY/image.jpg"}}, {"model": "movies.actor", "pk": "ad9d4bf3-578f-44f8-9fc5-baa525cb2dfb", "fields": {"created": "2022-10-26T17:59:52.843Z", "updated": "2022-10-26T17:59:52.843Z", "name": "Kazuya Nakai", "image": "https://i.ibb.co/02DV47s/image.jpg"}}, {"model": "movies.actor", "pk": "ae53c266-8962-4bb9-92fa-080c9c3359a1", "fields": {"created": "2022-10-26T18:01:49.229Z", "updated": "2022-10-26T18:01:49.229Z", "name": "Cillian Murphy", "image": "https://i.ibb.co/KKQzwyJ/image.jpg"}}, {"model": "movies.actor", "pk": "b604fd7f-e611-4461-bef4-69ed714054fb", "fields": {"created": "2022-10-26T18:05:44.854Z", "updated": "2022-10-26T18:05:44.854Z", "name": "Woody Harrelson", "image": "https://i.ibb.co/S5JBPJc/image.jpg"}}, {"model": "movies.actor", "pk": "ba27fc1c-d37a-40c4-99f4-52429d37ae40", "fields": {"created": "2022-10-26T18:00:51.788Z", "updated": "2022-10-26T18:00:51.788Z", "name": "Miyuki Sawashiro", "image": "https://i.ibb.co/wSyrpLW/image.jpg"}}, {"model": "movies.actor", "pk": "c291d203-ef42-4ab1-a0c2-960e27cab587", "fields": {"created": "2022-10-26T18:02:12.923Z", "updated": "2022-10-26T18:02:12.923Z", "name": "Sophie Rundle", "image": "https://i.ibb.co/gtQrX8q/image.jpg"}}, {"model": "movies.actor", "pk": "c2c558e0-d3d0-490c-bcb8-0d8920d762b6", "fields": {"created": "2022-10-26T17:23:03.079Z", "updated": "2022-10-26T17:23:03.079Z", "name": "Steve Carell", "image": "https://i.ibb.co/Tg37YL5/image.jpg"}}, {"model": "movies.actor", "pk": "c4027720-c900-49d5-b2e6-0163ecd9c9b1", "fields": {"created": "2022-10-26T18:06:40.705Z", "updated": "2022-10-26T18:06:40.705Z", "name": "Sylvia Hoeks", "image": "https://i.ibb.co/DfXbg7m/image.jpg"}}, {"model": "movies.actor", "pk": "c49f16ce-80b0-462e-a38f-17b39e34aac5", "fields": {"created": "2022-10-26T17:23:22.126Z", "updated": "2022-10-26T17:23:22.126Z", "name": "Jean-Claude Van Damme", "image": "https://i.ibb.co/5LB5GDs/image.jpg"}}, {"model": "movies.actor", "pk": "c950e194-879c-422a-9047-c4ec112b76d8", "fields": {"created": "2022-10-26T17:28:14.485Z", "updated": "2022-10-26T17:28:14.485Z", "name": "Kevin Hart", "image": "https://i.ibb.co/Sf7MDh1/image.jpg"}}, {"model": "movies.actor", "pk": "c9c3ece6-7a57-4eef-b9bf-6643d11ca909", "fields": {"created": "2022-10-26T17:22:16.694Z", "updated": "2022-10-26T17:22:16.694Z", "name": "Glen Powell", "image": "https://i.ibb.co/zr2j9KL/image.jpg"}}, {"model": "movies.actor", "pk": "d3148fb1-a804-493a-87e7-17f066b5b2dc", "fields": {"created": "2022-10-26T18:01:14.580Z", "updated": "2022-10-26T18:01:14.580Z", "name": "Anya Taylor-Joy", "image": "https://i.ibb.co/5BS6dFb/image.jpg"}}, {"model": "movies.actor", "pk": "db39b9e4-f77e-4cd0-a854-fb48df7cddcb", "fields": {"created": "2022-10-26T17:53:50.503Z", "updated": "2022-10-26T17:53:50.503Z", "name": "Gal Gadot", "image": "https://i.ibb.co/TcM5gTD/image.jpg"}}, {"model": "movies.actor", "pk": "dd1de473-1bb6-4dfa-83d5-4dccacdba8cb", "fields": {"created": "2022-10-26T18:00:04.383Z", "updated": "2022-10-26T18:00:04.383Z", "name": "Hiroaki Hirata", "image": "https://i.ibb.co/N1NR5Lh/image.jpg"}}, {"model": "movies.actor", "pk": "dfca47e6-d7a2-4c35-a1aa-64d54cdf3cfa", "fields": {"created": "2022-10-26T18:01:27.723Z", "updated": "2022-10-26T18:01:27.723Z", "name": "Marcin Dorociński", "image": "https://i.ibb.co/HTdTZ5B/image.jpg"}}, {"model": "movies.actor", "pk": "e031c822-2c08-4481-9130-edfa6b45d6de", "fields": {"created": "2022-10-26T18:03:46.581Z", "updated": "2022-10-26T18:03:46.581Z", "name": "Mark Gatiss", "image": "https://i.ibb.co/FxwjPrZ/image.jpg"}}, {"model": "movies.actor", "pk": "e04a32c1-5871-458e-87bd-abb32f21aa6a", "fields": {"created": "2022-10-26T18:02:03.256Z", "updated": "2022-10-26T18:02:03.256Z", "name": "Paul Anderson", "image": "https://i.ibb.co/zGhggjB/image.jpg"}}, {"model": "movies.actor", "pk": "ec6a8895-057d-4f17-9305-df44cd2fe5f9", "fields": {"created": "2022-10-26T17:59:01.278Z", "updated": "2022-10-26T17:59:01.278Z", "name": "Dean Norris", "image": "https://i.ibb.co/0YfrKFg/image.jpg"}}, {"model": "movies.actor", "pk": "ed6c5463-204f-4de0-9f48-2de9421f7ee2", "fields": {"created": "2022-10-26T18:06:52.230Z", "updated": "2022-10-26T18:06:52.230Z", "name": "Hera Hilmar", "image": "https://i.ibb.co/WtMNF1J/image.jpg"}}, {"model": "movies.actor", "pk": "edab6e50-5611-40a4-9748-c48912dc32e3", "fields": {"created": "2022-10-26T18:02:59.271Z", "updated": "2022-10-26T18:02:59.271Z", "name": "Hill Harper", "image": "https://i.ibb.co/k3SqGZ1/image.jpg"}}, {"model": "movies.actor", "pk": "f1b67af6-c570-4821-b460-521586938947", "fields": {"created": "2022-10-26T17:21:21.707Z", "updated": "2022-10-26T17:21:21.707Z", "name": "Jennifer Connelly", "image": "https://i.ibb.co/zr6jYNm/image.jpg"}}, {"model": "movies.actor", "pk": "f1fbc276-fceb-440d-8e07-0cbaed9ef4af", "fields": {"created": "2022-10-26T18:00:28.128Z", "updated": "2022-10-26T18:00:28.128Z", "name": "Megumi Han", "image": "https://i.ibb.co/p4M9v8N/image.jpg"}}, {"model": "movies.actor", "pk": "f25e3955-7d54-4ac8-b8f9-caccf967f844", "fields": {"created": "2022-10-26T17:23:54.688Z", "updated": "2022-10-26T17:23:54.688Z", "name": "Sylvester Stallone", "image": "https://i.ibb.co/Pc9Zpm8/image.jpg"}}, {"model": "movies.actor", "pk": "f50349b5-82da-4fd5-83e7-0b428104331d", "fields": {"created": "2022-10-26T18:05:07.680Z", "updated": "2022-10-26T18:05:07.680Z", "name": "Yuko Minaguchi", "image": "https://i.ibb.co/KmzzJ6L/image.jpg"}}, {"model": "movies.actor", "pk": "f63a1927-917a-49a7-87eb-508d9d4fcb39", "fields": {"created": "2022-10-26T17:27:25.745Z", "updated": "2022-10-26T17:27:25.745Z", "name": "Robbie Coltrane", "image": "https://i.ibb.co/bXv2SKm/image.jpg"}}, {"model": "movies.actor", "pk": "f713c95a-15ef-4022-be2d-5bb4dc60f231", "fields": {"created": "2022-10-26T17:20:41.286Z", "updated": "2022-10-26T17:20:41.286Z", "name": "Tom Cruise", "image": "https://i.ibb.co/mD8srSx/image.jpg"}}, {"model": "movies.actor", "pk": "f77fc323-4ed9-42e9-865d-157934a55d8a", "fields": {"created": "2022-10-26T18:05:33.672Z", "updated": "2022-10-26T18:05:33.672Z", "name": "Matthew McConaughey", "image": "https://i.ibb.co/bgZ8dP1/image.jpg"}}, {"model": "movies.actor", "pk": "f78b6783-cae6-40c5-8c86-136a21942f76", "fields": {"created": "2022-10-26T17:18:20.451Z", "updated": "2022-10-26T17:18:20.451Z", "name": "Aaron Taylor", "image": "https://i.ibb.co/tqNCgcw/image.jpg"}}, {"model": "movies.actor", "pk": "f928edd4-345a-4e3d-99c8-4652bcd678e7", "fields": {"created": "2022-10-26T18:04:15.470Z", "updated": "2022-10-26T18:04:15.470Z", "name": "Tom Payne", "image": "https://i.ibb.co/bXmgLz5/image.jpg"}}, {"model": "movies.actor", "pk": "fce54a19-239d-4d61-9c69-fc1b86ad1287", "fields": {"created": "2022-10-26T17:59:41.737Z", "updated": "2022-10-26T17:59:41.737Z", "name": "Mayumi Tanaka", "image": "https://i.ibb.co/LPpRD8m/image.jpg"}}, {"model": "movies.actor", "pk": "fe5915f4-a756-4fe4-9d7c-2252056be85d", "fields": {"created": "2022-10-26T18:00:39.451Z", "updated": "2022-10-26T18:00:39.451Z", "name": "Mariya Ise", "image": "https://i.ibb.co/4ZZnv80/image.jpg"}}, {"model": "movies.movie", "pk": "0167199a-6775-41e4-ad95-0cd5d61115b4", "fields": {"created": "2022-10-26T17:36:47.003Z", "updated": "2022-10-26T17:36:47.003Z", "title": "Harry Potter and the Goblet of Fire", "release_date": "2005-11-18", "description": "When Harry Potter's name emerges from the Goblet of Fire, he becomes a competitor in a grueling battle for glory among three wizarding schools—the Triwizard Tournament. But since Harry never submitted his name for the Tournament, who did? Now Harry must confront a deadly dragon, fierce water demons and an enchanted maze only to find himself in the cruel grasp of He Who Must Not Be Named.", "rating": "7.8", "is_for_adults": false, "trailer_url": "https://youtu.be/PFWAOnvMd1Q", "is_featured": false, "length": "2h 37m", "image": "https://i.ibb.co/cg1y2xS/image.jpg", "thumbnail": "https://i.ibb.co/4m7F4Jn/image.jpg", "categories": ["152c9eca-66b9-4861-9e87-ca913d17408c", "9300ad4d-4e32-4763-bf90-477633dc899f"], "user": [], "movie_actors": ["13ce434e-7e31-4ef6-8a85-511d2dd7c532", "5018ec02-0856-47a0-8661-000ef4837b13", "9d787e67-cca0-44e0-93a1-2d11e69c14e3"]}}, {"model": "movies.movie", "pk": "0aac2ba4-147f-47f2-90c9-e5170807a40b", "fields": {"created": "2022-10-26T17:39:26.746Z", "updated": "2022-10-26T17:39:26.746Z", "title": "Harry Potter and the Prisoner of Azkaban", "release_date": "2004-05-31", "description": "Year three at Hogwarts means new fun and challenges as Harry learns the delicate art of approaching a Hippogriff, transforming shape-shifting Boggarts into hilarity and even turning back time. But the term also brings danger: soul-sucking Dementors hover over the school, an ally of the accursed He-Who-Cannot-Be-Named lurks within the castle walls, and fearsome wizard Sirius Black escapes Azkaban. And Harry will confront them all.", "rating": "8.0", "is_for_adults": false, "trailer_url": "https://youtu.be/Sp1yQfhwvK4", "is_featured": false, "length": "2h 21m", "image": "https://i.ibb.co/DKFXKcX/image.jpg", "thumbnail": "https://i.ibb.co/s34S3xS/image.jpg", "categories": ["152c9eca-66b9-4861-9e87-ca913d17408c", "9300ad4d-4e32-4763-bf90-477633dc899f"], "user": [], "movie_actors": ["13ce434e-7e31-4ef6-8a85-511d2dd7c532", "5018ec02-0856-47a0-8661-000ef4837b13", "9d787e67-cca0-44e0-93a1-2d11e69c14e3"]}}, {"model": "movies.movie", "pk": "12119aec-55bf-4feb-97a8-3b07b87cde38", "fields": {"created": "2022-10-26T17:41:10.533Z", "updated": "2022-10-26T17:41:10.534Z", "title": "Me Time", "release_date": "2022-08-26", "description": "With his family away, a devoted stay-at-home dad enjoys his first me time in years by joining his hard-partying old friend on a wild birthday adventure.", "rating": "6.0", "is_for_adults": false, "trailer_url": "https://youtu.be/Mmq_NVwLN_g", "is_featured": false, "length": "1h 44m", "image": "https://i.ibb.co/wCg1zWM/image.jpg", "thumbnail": "https://i.ibb.co/mtT7cq6/image.jpg", "categories": ["4992885a-bfdf-4690-a78f-09deb27a5d78"], "user": [], "movie_actors": ["6f420335-d491-42e0-aaf1-abd6d935c6ca", "c950e194-879c-422a-9047-c4ec112b76d8"]}}, {"model": "movies.movie", "pk": "28c06e64-d618-4816-a69e-9217e0bc6a41", "fields": {"created": "2022-10-26T17:48:10.042Z", "updated": "2022-10-26T17:48:10.042Z", "title": "Minions: The Rise of Gru", "release_date": "2022-07-01", "description": "A fanboy of a supervillain supergroup known as the Vicious 6, Gru hatches a plan to become evil enough to join them, with the backup of his followers, the Minions.", "rating": "7.5", "is_for_adults": false, "trailer_url": "https://youtu.be/HhIl_XJ-OGA", "is_featured": true, "length": "1h 27m", "image": "https://i.ibb.co/3MLGbtr/image.jpg", "thumbnail": "https://i.ibb.co/JyM0TXB/image.jpg", "categories": ["2e178017-4a50-4f33-9fbe-279e9a820d31", "cd2051aa-b382-4486-8f75-d2e37c45842a"], "user": [], "movie_actors": ["c2c558e0-d3d0-490c-bcb8-0d8920d762b6", "c49f16ce-80b0-462e-a38f-17b39e34aac5"]}}, {"model": "movies.movie", "pk": "2a2e59d4-f1d3-4079-88ee-c33330b748b4", "fields": {"created": "2022-10-26T17:51:48.035Z", "updated": "2022-10-26T17:51:48.035Z", "title": "White Elephant", "release_date": "2022-09-22", "description": "An ex-marine enforcer must battle his conscience and code of honor when he is forced to do things for the mob.", "rating": "6.5", "is_for_adults": false, "trailer_url": "https://youtu.be/5zEPU7Ekz00", "is_featured": false, "length": "1h 33m", "image": "https://i.ibb.co/H2gnhqp/image.jpg", "thumbnail": "https://i.ibb.co/cvTDYQX/image.jpg", "categories": ["036cead1-e07a-48f5-a113-937eda404dad", "51cbcceb-5923-4f78-9d98-5316721339dc", "d3f87752-a557-425d-bd26-08fd44022e71"], "user": [], "movie_actors": ["2f44e9d7-a79d-4e5f-9178-69fbc429b85a", "4acbbe8d-5d9f-4206-ac26-8b7e8d1346f3"]}}, {"model": "movies.movie", "pk": "2af94699-8c49-4ef3-9d7b-317c87411417", "fields": {"created": "2022-10-26T17:53:05.061Z", "updated": "2022-10-26T17:53:05.061Z", "title": "Black Adam", "release_date": "2022-10-21", "description": "Nearly 5,000 years after he was bestowed with the almighty powers of the Egyptian gods—and imprisoned just as quickly—Black Adam is freed from his earthly tomb, ready to unleash his unique form of justice on the modern world.", "rating": "7.2", "is_for_adults": false, "trailer_url": "https://youtu.be/mkomfZHG5q4", "is_featured": true, "length": "2h 5m", "image": "https://i.ibb.co/g7RWcHJ/image.jpg", "thumbnail": "https://i.ibb.co/TTg0Npt/image.jpg", "categories": ["152c9eca-66b9-4861-9e87-ca913d17408c", "51cbcceb-5923-4f78-9d98-5316721339dc", "9300ad4d-4e32-4763-bf90-477633dc899f"], "user": [], "movie_actors": ["080f11b1-8f8c-4a96-b3a0-5dbc59b0ae3d", "0dc752f2-18a9-455c-bf57-3bdd3a1c0c52", "a0aa6632-0291-45af-9233-3fab5e67c980"]}}, {"model": "movies.movie", "pk": "3f230bb3-cf2f-44b4-a4bf-5d4596c17783", "fields": {"created": "2022-10-26T17:34:58.182Z", "updated": "2022-10-26T17:34:58.182Z", "title": "Harry Potter and the Chamber of Secrets", "release_date": "2002-11-15", "description": "Cars fly, trees fight back, and a mysterious house-elf comes to warn Harry Potter at the start of his second year at Hogwarts. Adventure and danger await when bloody writing on a wall announces: The Chamber Of Secrets Has Been Opened. To save Hogwarts will require all of Harry, Ron and Hermione’s magical abilities and courage.", "rating": "7.7", "is_for_adults": false, "trailer_url": "https://youtu.be/1bq0qff4iF8", "is_featured": false, "length": "2h 41m", "image": "https://i.ibb.co/rdb55f3/image.jpg", "thumbnail": "https://i.ibb.co/NT1WWnr/image.jpg", "categories": ["152c9eca-66b9-4861-9e87-ca913d17408c", "9300ad4d-4e32-4763-bf90-477633dc899f"], "user": [], "movie_actors": ["13ce434e-7e31-4ef6-8a85-511d2dd7c532", "5018ec02-0856-47a0-8661-000ef4837b13", "9d787e67-cca0-44e0-93a1-2d11e69c14e3"]}}, {"model": "movies.movie", "pk": "445f13fe-2f66-4cf1-91bf-d08f1023a60a", "fields": {"created": "2022-10-26T17:44:03.493Z", "updated": "2022-10-26T17:44:03.493Z", "title": "The Italian Job", "release_date": "2003-09-19", "description": "Charlie Croker pulled off the crime of a lifetime. The one thing that he didn't plan on was being double-crossed. Along with a drop-dead gorgeous safecracker, Croker and his team take off to re-steal the loot and end up in a pulse-pounding, pedal-to-the-metal chase that careens up, down, above and below the streets of Los Angeles.", "rating": "6.8", "is_for_adults": false, "trailer_url": "https://youtu.be/mJgGUnV9i54", "is_featured": false, "length": "1h 50m", "image": "https://i.ibb.co/KscDSrF/image.jpg", "thumbnail": "https://i.ibb.co/s1pCzVy/image.jpg", "categories": ["036cead1-e07a-48f5-a113-937eda404dad", "51cbcceb-5923-4f78-9d98-5316721339dc"], "user": [], "movie_actors": ["1b92a99b-0eab-405b-8e76-eedd2a213f02", "6f420335-d491-42e0-aaf1-abd6d935c6ca", "a5ddf427-0ccd-4618-b00e-e061c5a55502"]}}, {"model": "movies.movie", "pk": "4b4f2f00-bb5b-46c6-8cba-8c9a91ed1b17", "fields": {"created": "2022-10-26T17:46:37.757Z", "updated": "2022-10-26T17:46:37.757Z", "title": "Top Gun: Maverick", "release_date": "2022-05-27", "description": "After more than thirty years of service as one of the Navy’s top aviators, and dodging the advancement in rank that would ground him, Pete “Maverick” Mitchell finds himself training a detachment of TOP GUN graduates for a specialized mission the likes of which no living pilot has ever seen.", "rating": "8.4", "is_for_adults": false, "trailer_url": "https://youtu.be/qSqVVswa420", "is_featured": true, "length": "2h 11m", "image": "https://i.ibb.co/Thn4Kxc/image.jpg", "thumbnail": "https://i.ibb.co/PCbcTvx/image.jpg", "categories": ["51cbcceb-5923-4f78-9d98-5316721339dc", "fdf2ab3b-471c-4d12-956f-07a1be17d40d"], "user": [], "movie_actors": ["7f253de4-edaf-484d-bfa5-ee9a06bfe860", "f1b67af6-c570-4821-b460-521586938947", "f713c95a-15ef-4022-be2d-5bb4dc60f231"]}}, {"model": "movies.movie", "pk": "b8cebfec-f02a-4507-9aa3-c96cdfc2efdf", "fields": {"created": "2022-10-26T17:38:04.524Z", "updated": "2022-10-26T17:38:04.524Z", "title": "Harry Potter and the Philosopher's Stone", "release_date": "2001-11-16", "description": "Harry Potter has lived under the stairs at his aunt and uncle's house his whole life. But on his 11th birthday, he learns he's a powerful wizard—with a place waiting for him at the Hogwarts School of Witchcraft and Wizardry. As he learns to harness his newfound powers with the help of the school's kindly headmaster, Harry uncovers the truth about his parents' deaths—and about the villain who's to blame.", "rating": "7.9", "is_for_adults": false, "trailer_url": "https://youtu.be/Q61YhARNOPg", "is_featured": false, "length": "2h 32m", "image": "https://i.ibb.co/gvcqYHg/image.jpg", "thumbnail": "https://i.ibb.co/0Bz458J/image.jpg", "categories": ["152c9eca-66b9-4861-9e87-ca913d17408c", "9300ad4d-4e32-4763-bf90-477633dc899f"], "user": [], "movie_actors": ["13ce434e-7e31-4ef6-8a85-511d2dd7c532", "5018ec02-0856-47a0-8661-000ef4837b13", "9d787e67-cca0-44e0-93a1-2d11e69c14e3"]}}, {"model": "movies.movie", "pk": "bcc8c591-0dd3-4196-9e81-3c7f15cb13e6", "fields": {"created": "2022-10-26T17:49:50.691Z", "updated": "2022-10-26T17:49:50.692Z", "title": "The Expendables 2", "release_date": "2012-08-08", "description": "Mr. Church reunites the Expendables for what should be an easy paycheck, but when one of their men is murdered on the job, their quest for revenge puts them deep in enemy territory and up against an unexpected threat.", "rating": "6.3", "is_for_adults": false, "trailer_url": "https://youtu.be/ip_CYHdyUBs", "is_featured": true, "length": "1h 43m", "image": "https://i.ibb.co/WPFY3Ht/image.jpg", "thumbnail": "https://i.ibb.co/P94fYrQ/image.jpg", "categories": ["51cbcceb-5923-4f78-9d98-5316721339dc", "9300ad4d-4e32-4763-bf90-477633dc899f", "d3f87752-a557-425d-bd26-08fd44022e71"], "user": [], "movie_actors": ["1b92a99b-0eab-405b-8e76-eedd2a213f02", "29f32b64-f532-4192-a6c8-82281f655105", "2f44e9d7-a79d-4e5f-9178-69fbc429b85a", "67b78686-eb60-42f9-a126-9591f3bef1cd", "69f6488a-1625-49d8-a4ee-254c217de8a3", "c49f16ce-80b0-462e-a38f-17b39e34aac5", "f25e3955-7d54-4ac8-b8f9-caccf967f844"]}}, {"model": "movies.movie", "pk": "c163b537-b0d1-4af8-99c2-685eff3c1c92", "fields": {"created": "2022-10-26T17:55:14.273Z", "updated": "2022-10-26T17:55:14.273Z", "title": "Red Notice", "release_date": "2021-11-05", "description": "An Interpol-issued Red Notice is a global alert to hunt and capture the world's most wanted. But when a daring heist brings together the FBI's top profiler and two rival criminals, there's no telling what will happen.", "rating": "6.8", "is_for_adults": false, "trailer_url": "https://youtu.be/Pj0wz7zu3Ms", "is_featured": true, "length": "1h 58m", "image": "https://i.ibb.co/R0MkY2N/image.jpg", "thumbnail": "https://i.ibb.co/zRLTQsF/image.jpg", "categories": ["036cead1-e07a-48f5-a113-937eda404dad", "4992885a-bfdf-4690-a78f-09deb27a5d78", "51cbcceb-5923-4f78-9d98-5316721339dc", "d3f87752-a557-425d-bd26-08fd44022e71"], "user": [], "movie_actors": ["080f11b1-8f8c-4a96-b3a0-5dbc59b0ae3d", "338fe0c5-7935-40db-a3f4-bde4f37ef66d", "db39b9e4-f77e-4cd0-a854-fb48df7cddcb"]}}, {"model": "movies.movie", "pk": "d94c775b-d30c-4edf-8aa6-9868fe63ac88", "fields": {"created": "2022-10-26T17:45:29.918Z", "updated": "2022-10-26T17:45:29.918Z", "title": "Bullet Train", "release_date": "2022-08-05", "description": "Unlucky assassin Ladybug is determined to do his job peacefully after one too many gigs gone off the rails. Fate, however, may have other plans, as Ladybug's latest mission puts him on a collision course with lethal adversaries from around the globe—all with connected, yet conflicting, objectives—on the world's fastest train.", "rating": "7.5", "is_for_adults": false, "trailer_url": "https://youtu.be/0IOsk2Vlc4o", "is_featured": true, "length": "2h 7m", "image": "https://i.ibb.co/b3vv0Zx/image.jpg", "thumbnail": "https://i.ibb.co/j5wwN2d/image.jpg", "categories": ["4992885a-bfdf-4690-a78f-09deb27a5d78", "51cbcceb-5923-4f78-9d98-5316721339dc", "d3f87752-a557-425d-bd26-08fd44022e71"], "user": [], "movie_actors": ["00f2c00e-9ffe-4a56-a035-83cbb7853065", "5ad1bb8d-76c1-403a-b961-f484bd492ef1", "f78b6783-cae6-40c5-8c86-136a21942f76"]}}, {"model": "movies.serial", "pk": "1c353ba7-9b5a-4447-81c7-07653da77d8f", "fields": {"created": "2022-10-26T18:18:01.791Z", "updated": "2022-10-26T18:18:01.792Z", "title": "Dragon Ball Z", "release_date": "1989-01-01", "description": "After learning that he is from another planet, a warrior named Goku and his friends are prompted to defend it from an onslaught of extraterrestrial enemies.", "rating": "8.3", "is_for_adults": false, "trailer_url": "https://youtu.be/R4vjJrGeh1c", "is_featured": true, "image": "https://i.ibb.co/s1w2Scr/image.jpg", "thumbnail": "https://i.ibb.co/6tPmhG5/image.jpg", "categories": ["152c9eca-66b9-4861-9e87-ca913d17408c", "2e178017-4a50-4f33-9fbe-279e9a820d31", "51cbcceb-5923-4f78-9d98-5316721339dc", "6bcfa56c-9aa6-45b8-a792-912607b18b81", "9300ad4d-4e32-4763-bf90-477633dc899f"], "user": [], "serial_actors": ["53917c70-3d8a-456f-b1ff-c9d4752141e3", "f50349b5-82da-4fd5-83e7-0b428104331d"]}}, {"model": "movies.serial", "pk": "3b56713d-13af-4bac-9606-6c552ad3b1f1", "fields": {"created": "2022-10-26T18:08:59.847Z", "updated": "2022-10-26T18:08:59.847Z", "title": "Breaking Bad", "release_date": "2008-01-01", "description": "When Walter White, a New Mexico chemistry teacher, is diagnosed with Stage III cancer and given a prognosis of only two years left to live. He becomes filled with a sense of fearlessness and an unrelenting desire to secure his family's financial future at any cost as he enters the dangerous world of drugs and crime.", "rating": "8.8", "is_for_adults": false, "trailer_url": "https://youtu.be/XZ8daibM3AE", "is_featured": true, "image": "https://i.ibb.co/D8tJnxQ/image.jpg", "thumbnail": "https://i.ibb.co/1dLgxDT/image.jpg", "categories": ["fdf2ab3b-471c-4d12-956f-07a1be17d40d"], "user": [], "serial_actors": ["31b5a8a1-5b95-41f2-bf66-2b4e6494f967", "69a89e85-dfcb-4f9b-bbd9-4afd3358a00f", "ec6a8895-057d-4f17-9305-df44cd2fe5f9"]}}, {"model": "movies.serial", "pk": "56ebdc38-d871-4cc1-8173-5813718713d7", "fields": {"created": "2022-10-26T18:11:44.284Z", "updated": "2022-10-26T18:11:44.284Z", "title": "Hunter x Hunter", "release_date": "2011-01-01", "description": "Twelve-year-old Gon Freecss one day discovers that the father he had always been told was dead was alive. His Father, Ging, is a Hunter — a member of society's elite with a license to go anywhere or do almost anything. Gon, determined to follow in his father's footsteps, decides to take the Hunter Examination and eventually find his father to prove himself as a Hunter in his own right. But on the way, he learns that there is more to becoming a Hunter than previously thought, and the challenges that he must face are considered the toughest in the world.", "rating": "8.7", "is_for_adults": false, "trailer_url": "https://youtu.be/d6kBeJjTGnY", "is_featured": true, "image": "https://i.ibb.co/mNXqD0v/image.jpg", "thumbnail": "https://i.ibb.co/fDnp198/image.jpg", "categories": ["2e178017-4a50-4f33-9fbe-279e9a820d31", "51cbcceb-5923-4f78-9d98-5316721339dc", "9300ad4d-4e32-4763-bf90-477633dc899f", "fdf2ab3b-471c-4d12-956f-07a1be17d40d"], "user": [], "serial_actors": ["ba27fc1c-d37a-40c4-99f4-52429d37ae40", "f1fbc276-fceb-440d-8e07-0cbaed9ef4af", "fe5915f4-a756-4fe4-9d7c-2252056be85d"]}}, {"model": "movies.serial", "pk": "7916a771-022e-4f5c-8f7b-765e73b21766", "fields": {"created": "2022-10-26T18:16:45.053Z", "updated": "2022-10-26T18:16:45.053Z", "title": "Prodigal Son", "release_date": "2019-01-01", "description": "The son of a notorious serial killer becomes an acclaimed criminal psychologist who uses his unique insight into how killers think to help the NYPD.", "rating": "8.3", "is_for_adults": true, "trailer_url": "https://youtu.be/OoZ_te1Xa74", "is_featured": true, "image": "https://i.ibb.co/c6YKhL0/image.jpg", "thumbnail": "https://i.ibb.co/N9Tg2S5/image.jpg", "categories": ["036cead1-e07a-48f5-a113-937eda404dad", "8b509030-89d4-4c6b-82fd-20eb8ffcd02f", "fdf2ab3b-471c-4d12-956f-07a1be17d40d"], "user": [], "serial_actors": ["80728227-02d3-46d7-beb1-3691be2d2199", "f928edd4-345a-4e3d-99c8-4652bcd678e7"]}}, {"model": "movies.serial", "pk": "7ccede7d-b405-414d-98e7-4f48434431a1", "fields": {"created": "2022-10-26T18:14:18.811Z", "updated": "2022-10-26T18:14:18.811Z", "title": "Peaky Blinders", "release_date": "2013-01-01", "description": "A gangster family epic set in 1919 Birmingham, England and centered on a gang who sew razor blades in the peaks of their caps, and their fierce boss Tommy Shelby, who means to move up in the world.", "rating": "8.6", "is_for_adults": false, "trailer_url": "https://youtu.be/EM12mcTEI88", "is_featured": true, "image": "https://i.ibb.co/FbPwL9f/image.jpg", "thumbnail": "https://i.ibb.co/8Dh5LJR/image.jpg", "categories": ["036cead1-e07a-48f5-a113-937eda404dad", "fdf2ab3b-471c-4d12-956f-07a1be17d40d"], "user": [], "serial_actors": ["15c40bce-9b68-48d6-a3ad-25b558eb682a", "ae53c266-8962-4bb9-92fa-080c9c3359a1", "c291d203-ef42-4ab1-a0c2-960e27cab587", "e04a32c1-5871-458e-87bd-abb32f21aa6a"]}}, {"model": "movies.serial", "pk": "818a5097-5e44-4e53-9f3c-b92d2097ee71", "fields": {"created": "2022-10-26T18:10:33.348Z", "updated": "2022-10-26T18:10:33.348Z", "title": "One Piece", "release_date": "1999-01-01", "description": "Years ago, the fearsome Pirate King, Gol D. Roger was executed leaving a huge pile of treasure and the famous \"One Piece\" behind. Whoever claims the \"One Piece\" will be named the new King of the Pirates. Monkey D. Luffy, a boy who consumed a \"Devil Fruit,\" decides to follow in the footsteps of his idol, the pirate Shanks, and find the One Piece. It helps, of course, that his body has the properties of rubber and that he's surrounded by a bevy of skilled fighters and thieves to help him along the way. Luffy will do anything to get the One Piece and become King of the Pirates!", "rating": "8.7", "is_for_adults": false, "trailer_url": "https://youtu.be/S8_YwFLCh4U", "is_featured": true, "image": "https://i.ibb.co/PY6LWBq/image.jpg", "thumbnail": "https://i.ibb.co/hMm6dp3/image.jpg", "categories": ["2e178017-4a50-4f33-9fbe-279e9a820d31", "4992885a-bfdf-4690-a78f-09deb27a5d78", "51cbcceb-5923-4f78-9d98-5316721339dc", "9300ad4d-4e32-4763-bf90-477633dc899f"], "user": [], "serial_actors": ["ad9d4bf3-578f-44f8-9fc5-baa525cb2dfb", "dd1de473-1bb6-4dfa-83d5-4dccacdba8cb", "fce54a19-239d-4d61-9c69-fc1b86ad1287"]}}, {"model": "movies.serial", "pk": "97f1d01b-6254-4731-a440-9f6ba6637305", "fields": {"created": "2022-10-26T18:13:04.612Z", "updated": "2022-10-26T18:13:04.613Z", "title": "The Queen's Gambit", "release_date": "2020-01-01", "description": "In a Kentucky orphanage in the 1950s, a young girl discovers an astonishing talent for chess while struggling with addiction.", "rating": "8.6", "is_for_adults": false, "trailer_url": "https://youtu.be/oZn3qSgmLqI", "is_featured": true, "image": "https://i.ibb.co/3TK8b0M/image.jpg", "thumbnail": "https://i.ibb.co/vc9rWJQ/image.jpg", "categories": ["fdf2ab3b-471c-4d12-956f-07a1be17d40d"], "user": [], "serial_actors": ["d3148fb1-a804-493a-87e7-17f066b5b2dc", "dfca47e6-d7a2-4c35-a1aa-64d54cdf3cfa"]}}, {"model": "movies.serial", "pk": "9dfbe49c-229a-41cc-9450-db4ebfe14e7f", "fields": {"created": "2022-10-26T18:20:05.867Z", "updated": "2022-10-26T18:20:05.867Z", "title": "Mr. Robot", "release_date": "2015-01-01", "description": "A contemporary and culturally resonant drama about a young programmer, Elliot, who suffers from a debilitating anti-social disorder and decides that he can only connect to people by hacking them. He wields his skills as a weapon to protect the people that he cares about. Elliot will find himself in the intersection between a cybersecurity firm he works for and the underworld organizations that are recruiting him to bring down corporate America.", "rating": "8.2", "is_for_adults": false, "trailer_url": "https://youtu.be/N6HGuJC--rk", "is_featured": true, "image": "https://i.ibb.co/2tWFB74/image.jpg", "thumbnail": "https://i.ibb.co/FwmhtbT/image.jpg", "categories": ["036cead1-e07a-48f5-a113-937eda404dad", "fdf2ab3b-471c-4d12-956f-07a1be17d40d"], "user": [], "serial_actors": ["04fc0938-6735-4cb8-bd69-5f8534393e84", "09725239-ef69-4d70-94c3-95ac05336024", "728547f9-9a08-40fb-86e2-053d937c9f0a"]}}, {"model": "movies.serial", "pk": "a06fe40f-8563-45a5-ba25-5916e92ab6bf", "fields": {"created": "2022-10-26T18:15:25.762Z", "updated": "2022-10-26T18:15:25.764Z", "title": "Sherlock", "release_date": "2010-01-01", "description": "A modern update finds the famous sleuth and his doctor partner solving crime in 21st century London.", "rating": "9.4", "is_for_adults": false, "trailer_url": "https://youtu.be/xK7S9mrFWL4", "is_featured": true, "image": "https://i.ibb.co/D5pSyTD/image.jpg", "thumbnail": "https://i.ibb.co/Ln52WHz/image.jpg", "categories": ["036cead1-e07a-48f5-a113-937eda404dad", "8b509030-89d4-4c6b-82fd-20eb8ffcd02f", "fdf2ab3b-471c-4d12-956f-07a1be17d40d"], "user": [], "serial_actors": ["1c073b90-f041-4789-ba19-81e2ae6fbf2f", "7e816c93-8fb7-47fc-becb-0a93b3c0f1ce", "e031c822-2c08-4481-9130-edfa6b45d6de"]}}, {"model": "movies.serial", "pk": "c82d8f02-d614-4414-8e33-388d8d9e70ce", "fields": {"created": "2022-10-26T18:19:10.544Z", "updated": "2022-10-26T18:19:10.544Z", "title": "See", "release_date": "2019-01-01", "description": "A virus has decimated humankind. Those who survived emerged blind. Centuries later when twins are born with the mythic ability to see, their father must protect his tribe against a threatened queen.", "rating": "8.2", "is_for_adults": false, "trailer_url": "https://youtu.be/03RAKJipMeM", "is_featured": true, "image": "https://i.ibb.co/XsvX4kk/image.jpg", "thumbnail": "https://i.ibb.co/gTBy7FF/image.jpg", "categories": ["152c9eca-66b9-4861-9e87-ca913d17408c", "51cbcceb-5923-4f78-9d98-5316721339dc", "6bcfa56c-9aa6-45b8-a792-912607b18b81", "9300ad4d-4e32-4763-bf90-477633dc899f", "fdf2ab3b-471c-4d12-956f-07a1be17d40d"], "user": [], "serial_actors": ["5fdc4133-1505-459d-a677-1a73637080a0", "c4027720-c900-49d5-b2e6-0163ecd9c9b1", "ed6c5463-204f-4de0-9f48-2de9421f7ee2"]}}, {"model": "movies.season", "pk": "17be4204-b889-4cc9-ad92-3f16a39fb7fd", "fields": {"created": "2022-10-26T18:21:22.941Z", "updated": "2022-10-26T18:21:22.941Z", "number": 1, "serial": "56ebdc38-d871-4cc1-8173-5813718713d7"}}, {"model": "movies.season", "pk": "2dbd85be-d7a7-4aaf-9dc3-64cceba9f06a", "fields": {"created": "2022-10-26T18:21:19.081Z", "updated": "2022-10-26T18:21:19.081Z", "number": 2, "serial": "818a5097-5e44-4e53-9f3c-b92d2097ee71"}}, {"model": "movies.season", "pk": "50bdfa31-5019-4604-b7af-8f91f6cfbb81", "fields": {"created": "2022-10-26T18:21:04.330Z", "updated": "2022-10-26T18:21:04.330Z", "number": 1, "serial": "3b56713d-13af-4bac-9606-6c552ad3b1f1"}}, {"model": "movies.season", "pk": "71f765e0-0f22-405e-a950-ea27376463da", "fields": {"created": "2022-10-26T18:21:32.513Z", "updated": "2022-10-26T18:21:32.513Z", "number": 1, "serial": "97f1d01b-6254-4731-a440-9f6ba6637305"}}, {"model": "movies.season", "pk": "a3ec5a6e-ff4d-4003-abc8-642033e248cf", "fields": {"created": "2022-10-26T18:21:36.762Z", "updated": "2022-10-26T18:21:36.762Z", "number": 2, "serial": "97f1d01b-6254-4731-a440-9f6ba6637305"}}, {"model": "movies.season", "pk": "b169248e-5390-40d5-a55b-4ff115021951", "fields": {"created": "2022-10-26T18:21:28.844Z", "updated": "2022-10-26T18:21:28.844Z", "number": 3, "serial": "56ebdc38-d871-4cc1-8173-5813718713d7"}}, {"model": "movies.season", "pk": "e4585a27-4973-4c03-a506-1849a42cd1ab", "fields": {"created": "2022-10-26T18:21:26.134Z", "updated": "2022-10-26T18:21:26.134Z", "number": 2, "serial": "56ebdc38-d871-4cc1-8173-5813718713d7"}}, {"model": "movies.season", "pk": "e47a100d-d6a8-4cae-ae6a-08eb0512166d", "fields": {"created": "2022-10-26T18:21:13.899Z", "updated": "2022-10-26T18:21:13.900Z", "number": 1, "serial": "818a5097-5e44-4e53-9f3c-b92d2097ee71"}}, {"model": "movies.season", "pk": "f79f475c-7330-45c5-9740-005a81f1f7c3", "fields": {"created": "2022-10-26T18:21:10.203Z", "updated": "2022-10-26T18:21:10.203Z", "number": 2, "serial": "3b56713d-13af-4bac-9606-6c552ad3b1f1"}}, {"model": "movies.episode", "pk": "94e31ed3-5804-43cc-b512-e8a3aa7675de", "fields": {"created": "2022-10-26T18:23:42.262Z", "updated": "2022-10-26T18:23:42.262Z", "title": "Episode 1", "release_date": "2022-10-26", "description": "Some episode description", "rating": "6.6", "is_for_adults": false, "trailer_url": null, "number": 1, "season": "50bdfa31-5019-4604-b7af-8f91f6cfbb81", "length": "0h 45m", "guest_actors": []}}, {"model": "movies.episode", "pk": "c9595fd0-907d-4c33-8de0-f23601b40cc0", "fields": {"created": "2022-10-26T18:24:08.332Z", "updated": "2022-10-26T18:24:08.332Z", "title": "Episode 2", "release_date": "2022-10-26", "description": "Some description of an episode", "rating": "7.9", "is_for_adults": false, "trailer_url": null, "number": 2, "season": "50bdfa31-5019-4604-b7af-8f91f6cfbb81", "length": "0h 45m", "guest_actors": []}}, {"model": "movies.new", "pk": "5e436007-d039-4ae9-860d-73124977b359", "fields": {"created": "2022-10-26T18:26:33.390Z", "updated": "2022-10-26T18:26:33.390Z", "title": "Empire Issue Preview: Spirited, Enys Men, Review Of The Year, Eric Roberts", "description": "Tom Cruise dominates the cover of Empire’s celebration of 2022, but he’s far from alone. Top Gun: Maverick was a blast of adrenaline that, after the last couple of years, was a glorious reaffirmation of the sheer power of the movie-going experience – but it’s just one of the eclectic cinematic pleasures that have hit the big and small screens this year. We’re in a golden age of cinematic entertainment of all shapes and sizes – and Empire, as ever, was here for all of it.", "date": "2022-10-26", "image": "https://i.ibb.co/0jDzkPq/image.jpg"}}, {"model": "movies.new", "pk": "64a0d0f0-376d-406c-9ed1-0258bae10e58", "fields": {"created": "2022-10-26T18:27:18.992Z", "updated": "2022-10-26T18:27:18.992Z", "title": "Henry Cavill Officially Back As Superman", "description": "The news is far from shocking given that there were reports of him being in talks to return to the DCEU back in 2020, but Henry Cavill has made it official: he's back as Superman.\r\nSpeaking in an Instagram post, which you can find below, he admit that he wanted to wait until the weekend was passed (because – spoiler alert for those who have yet to watch it – he shows up in a Black Adam post-credit scene) to reveal the update.", "date": "2022-10-26", "image": "https://i.ibb.co/frmQ978/image.jpg"}}, {"model": "movies.new", "pk": "8bbb5f2c-18fc-49ed-9e3b-bbb79cf3d56c", "fields": {"created": "2022-10-26T18:27:41.838Z", "updated": "2022-10-26T18:27:41.838Z", "title": "Angelina Jolie To Play Opera Singer Maria Callas", "description": "If you're director Pablo Larraín, who has made two non-traditional biopics of famous women – in his case, Jackie Kennedy and Princess Diana – what do you do for a follow-up? You secure Angelina Jolie to play Opera Singer Maria Callas in your next film.\r\nAccording to the logline for the film – which sees Larraín re-teaming with Spencer (the Diana movie) writer Steven Knight – Maria \"tells the tumultuous, beautiful, and tragic story of the life of the world’s greatest opera singer, relived and re-imagined during her final days in 1970s Paris.\" So it certainly sounds like it follow the other two movies in style and tone.", "date": "2022-10-26", "image": "https://i.ibb.co/cT6M5Kg/image.jpg"}}]